{
  "ckpt": "/project/inniang/research/harness/checkpoints/offpolicy-revkd-s42-1g-115092",
  "task": "gsm_symbolic",
  "n_prompts": 64,
  "n_samples": 16,
  "k_values": [
    1,
    2,
    4,
    8,
    16
  ],
  "metrics_by_temp": {
    "T=0.6": {
      "eval/pass@1": 0.408203125,
      "eval/pass@2": 0.530859375,
      "eval/pass@4": 0.6326236263736263,
      "eval/pass@8": 0.7224104020979021,
      "eval/pass@16": 0.796875,
      "eval/accuracy_mean": 0.408203125,
      "eval/solved_any": 0.796875,
      "eval/n_prompts": 64.0,
      "eval/n_samples": 16.0,
      "eval/temperature": 0.6,
      "eval/gen_seconds": 426.11391735076904,
      "eval/token_entropy": 0.3602698603644967,
      "eval/distinct_1": 0.053618148700115914,
      "eval/distinct_2": 0.2018000470161534,
      "eval/distinct_3": 0.3177219932559011,
      "eval/distinct_4": 0.3984658443039287
    }
  }
}