{
  "ckpt": "/project/inniang/research/harness/checkpoints/opsd-noclip-s42-111363",
  "task": "gsm_symbolic",
  "n_prompts": 64,
  "n_samples": 16,
  "k_values": [
    1,
    2,
    4,
    8,
    16
  ],
  "metrics_by_temp": {
    "T=0.6": {
      "eval/pass@1": 0.0068359375,
      "eval/pass@2": 0.01328125,
      "eval/pass@4": 0.025111607142857144,
      "eval/pass@8": 0.0453125,
      "eval/pass@16": 0.078125,
      "eval/accuracy_mean": 0.0068359375,
      "eval/solved_any": 0.078125,
      "eval/n_prompts": 64.0,
      "eval/n_samples": 16.0,
      "eval/temperature": 0.6,
      "eval/gen_seconds": 1259.6648588180542,
      "eval/token_entropy": 0.6739404939580709,
      "eval/distinct_1": 0.3192660550458716,
      "eval/distinct_2": 0.6802973977695167,
      "eval/distinct_3": 0.8286252354048964,
      "eval/distinct_4": 0.9064885496183206
    }
  }
}