{
  "ckpt": "/project/inniang/research/harness/checkpoints/opsd-prm-clip-s42-111363",
  "task": "gsm_symbolic",
  "n_prompts": 64,
  "n_samples": 16,
  "k_values": [
    1,
    2,
    4,
    8,
    16
  ],
  "metrics_by_temp": {
    "T=0.6": {
      "eval/pass@1": 0.1572265625,
      "eval/pass@2": 0.19309895833333332,
      "eval/pass@4": 0.2252918956043956,
      "eval/pass@8": 0.26757357226107226,
      "eval/pass@16": 0.328125,
      "eval/accuracy_mean": 0.1572265625,
      "eval/solved_any": 0.328125,
      "eval/n_prompts": 64.0,
      "eval/n_samples": 16.0,
      "eval/temperature": 0.6,
      "eval/gen_seconds": 678.3139247894287,
      "eval/token_entropy": 0.6922593340277672,
      "eval/distinct_1": 0.07130534790109258,
      "eval/distinct_2": 0.21830325755800328,
      "eval/distinct_3": 0.3225844977905171,
      "eval/distinct_4": 0.39905017048222113
    }
  }
}