{
  "ckpt": "allenai/OLMo-2-1124-7B-DPO",
  "task": "gsm_symbolic",
  "n_prompts": 128,
  "n_samples": 64,
  "k_values": [
    1,
    2,
    4,
    8,
    16,
    32,
    64
  ],
  "metrics_by_temp": {
    "T=0.6": {
      "eval/pass@1": 0.4697265625,
      "eval/pass@2": 0.6085650731646826,
      "eval/pass@4": 0.714956749035217,
      "eval/pass@8": 0.7935313362281807,
      "eval/pass@16": 0.8575121494799246,
      "eval/pass@32": 0.9048049848591303,
      "eval/pass@64": 0.9296875,
      "eval/accuracy_mean": 0.4697265625,
      "eval/solved_any": 0.9296875,
      "eval/n_prompts": 128.0,
      "eval/n_samples": 64.0,
      "eval/temperature": 0.6,
      "eval/gen_seconds": 6219.532356977463,
      "eval/token_entropy": 0.3257056489455863,
      "eval/distinct_1": 0.015146405619200864,
      "eval/distinct_2": 0.08558987750111377,
      "eval/distinct_3": 0.16777040488696426,
      "eval/distinct_4": 0.2383754089994897
    },
    "T=1.0": {
      "eval/pass@1": 0.4366455078125,
      "eval/pass@2": 0.5976911272321429,
      "eval/pass@4": 0.7267656892336192,
      "eval/pass@8": 0.8175945349752322,
      "eval/pass@16": 0.8827273802009218,
      "eval/pass@32": 0.9275642293071206,
      "eval/pass@64": 0.9609375,
      "eval/accuracy_mean": 0.4366455078125,
      "eval/solved_any": 0.9609375,
      "eval/n_prompts": 128.0,
      "eval/n_samples": 64.0,
      "eval/temperature": 1.0,
      "eval/gen_seconds": 6854.941406965256,
      "eval/token_entropy": 0.3440144931373652,
      "eval/distinct_1": 0.021457905544147844,
      "eval/distinct_2": 0.13106517899337383,
      "eval/distinct_3": 0.26688173793870806,
      "eval/distinct_4": 0.38100127399908656
    }
  }
}