{
  "aggregate": {
    "total_params": 1484916736,
    "n_tensors": 179,
    "mean_abs": 4.1573528752181616e-05,
    "p50_abs": 4.84875671843731e-07,
    "p90_abs": 9.788340453212203e-05,
    "p99_abs": 0.0007436053508912557,
    "top1_pct_mass": 0.6111140225158183,
    "top5_pct_mass": 0.9313508831048674,
    "top20_pct_mass": 0.99827698128659,
    "changed_gt_1e-5": 0.14206995181697663,
    "changed_gt_1e-4": 0.08922439888446779,
    "changed_gt_1e-3": 0.0069334736205138
  },
  "by_category": {
    "embed": {
      "n_params": 411041792,
      "n_tensors": 2,
      "mean_abs": 1.3069492752038059e-05,
      "top1_pct_mass": 0.9375295823292424,
      "top5_pct_mass": 0.9979993826028941,
      "changed_gt_1e-4": 0.026416550274007022,
      "rel_frob_mean": 0.0035109755772331774
    },
    "mlp_down": {
      "n_params": 268435456,
      "n_tensors": 16,
      "mean_abs": 4.458169996723882e-05,
      "top1_pct_mass": 0.5049422527567182,
      "top5_pct_mass": 0.9302618560926572,
      "changed_gt_1e-4": 0.09953607991337776,
      "rel_frob_mean": 0.008763157971879404
    },
    "mlp_in": {
      "n_params": 536870912,
      "n_tensors": 32,
      "mean_abs": 4.1907205513780355e-05,
      "top1_pct_mass": 0.521581623028616,
      "top5_pct_mass": 0.9360159357919153,
      "changed_gt_1e-4": 0.09499121643602848,
      "rel_frob_mean": 0.007734404450852666
    },
    "norm": {
      "n_params": 67584,
      "n_tensors": 33,
      "mean_abs": 3.301890198296557e-07,
      "top1_pct_mass": NaN,
      "top5_pct_mass": NaN,
      "changed_gt_1e-4": 0.0006214488636363636,
      "rel_frob_mean": 8.994978126655022e-05
    },
    "attn_other": {
      "n_params": 65536,
      "n_tensors": 32,
      "mean_abs": 1.4400263623315368e-05,
      "top1_pct_mass": 0.8641550320896163,
      "top5_pct_mass": 0.997069948899241,
      "changed_gt_1e-4": 0.0259246826171875,
      "rel_frob_mean": 0.0001184664595801717
    },
    "attn_qkv": {
      "n_params": 201326592,
      "n_tensors": 48,
      "mean_abs": 9.390643420677709e-05,
      "top1_pct_mass": 0.36301606961392646,
      "top5_pct_mass": 0.7861496323082372,
      "changed_gt_1e-4": 0.1845798889795939,
      "rel_frob_mean": 0.015239658065729645
    },
    "attn_o": {
      "n_params": 67108864,
      "n_tensors": 16,
      "mean_abs": 4.45280056737829e-05,
      "top1_pct_mass": 0.4965421729292893,
      "top5_pct_mass": 0.9257570190011046,
      "changed_gt_1e-4": 0.10062578320503235,
      "rel_frob_mean": 0.008692060457466568
    }
  },
  "per_tensor": null,
  "skipped": [],
  "base": "allenai/OLMo-2-0425-1B-SFT",
  "ckpt": "harness/checkpoints/clip1.0-lam1.0-s42-71250",
  "label": "clip1_lam100_s42",
  "top10_by_frob": [
    {
      "name": "lm_head.weight",
      "category": "embed",
      "shape": [
        100352,
        2048
      ],
      "n_params": 205520896,
      "mean_abs": 2.565687282185536e-05,
      "p50_abs": 0.0,
      "p90_abs": 0.0,
      "p99_abs": 0.0006256103515625,
      "top1_pct_mass": 0.875059164658485,
      "top5_pct_mass": 0.9959987652057883,
      "top20_pct_mass": 0.9999999230753668,
      "changed_gt_1e-5": 0.08337036520242691,
      "changed_gt_1e-4": 0.05136481672525406,
      "changed_gt_1e-3": 0.005002420861274004,
      "frob_norm": 2.4849936962127686,
      "rel_frob": 0.006956836322709046,
      "effective_rank": 1699.6864013671875,
      "base_effective_rank": 1757.97119140625
    },
    {
      "name": "model.layers.10.self_attn.q_proj.weight",
      "category": "attn_qkv",
      "shape": [
        2048,
        2048
      ],
      "n_params": 4194304,
      "mean_abs": 0.00017465288692619652,
      "p50_abs": 0.0,
      "p90_abs": 0.000701904296875,
      "p99_abs": 0.001918792724609375,
      "top1_pct_mass": 0.25963415854530375,
      "top5_pct_mass": 0.694307867222293,
      "top20_pct_mass": 0.9958154297526737,
      "changed_gt_1e-5": 0.308978796005249,
      "changed_gt_1e-4": 0.2329709529876709,
      "changed_gt_1e-3": 0.06501984596252441,
      "frob_norm": 0.9187070727348328,
      "rel_frob": 0.027505469705255074,
      "effective_rank": 1208.499267578125,
      "base_effective_rank": 1201.4149169921875
    },
    {
      "name": "model.layers.1.self_attn.q_proj.weight",
      "category": "attn_qkv",
      "shape": [
        2048,
        2048
      ],
      "n_params": 4194304,
      "mean_abs": 0.0001967458811122924,
      "p50_abs": 0.0,
      "p90_abs": 0.0007228851318359375,
      "p99_abs": 0.0014219284057617188,
      "top1_pct_mass": 0.17365996731933425,
      "top5_pct_mass": 0.5148693002175111,
      "top20_pct_mass": 0.9407408959891228,
      "changed_gt_1e-5": 0.429720401763916,
      "changed_gt_1e-4": 0.34391236305236816,
      "changed_gt_1e-3": 0.04506349563598633,
      "frob_norm": 0.807034432888031,
      "rel_frob": 0.026824621908844517,
      "effective_rank": 1102.83251953125,
      "base_effective_rank": 1132.15478515625
    },
    {
      "name": "model.layers.5.self_attn.q_proj.weight",
      "category": "attn_qkv",
      "shape": [
        2048,
        2048
      ],
      "n_params": 4194304,
      "mean_abs": 0.0001662434806348756,
      "p50_abs": 0.0,
      "p90_abs": 0.00067138671875,
      "p99_abs": 0.001522064208984375,
      "top1_pct_mass": 0.20713751526310242,
      "top5_pct_mass": 0.6093860962850743,
      "top20_pct_mass": 0.9849133802107097,
      "changed_gt_1e-5": 0.34296536445617676,
      "changed_gt_1e-4": 0.2644031047821045,
      "changed_gt_1e-3": 0.04941082000732422,
      "frob_norm": 0.7872814536094666,
      "rel_frob": 0.02401404081655212,
      "effective_rank": 1191.8323974609375,
      "base_effective_rank": 1223.45263671875
    },
    {
      "name": "model.layers.12.self_attn.q_proj.weight",
      "category": "attn_qkv",
      "shape": [
        2048,
        2048
      ],
      "n_params": 4194304,
      "mean_abs": 0.00011418073700042441,
      "p50_abs": 0.0,
      "p90_abs": 0.0002899169921875,
      "p99_abs": 0.0020294189453125,
      "top1_pct_mass": 0.4180571350729528,
      "top5_pct_mass": 0.8970708318845938,
      "top20_pct_mass": 0.999856830442093,
      "changed_gt_1e-5": 0.23077011108398438,
      "changed_gt_1e-4": 0.15868782997131348,
      "changed_gt_1e-3": 0.038247108459472656,
      "frob_norm": 0.7860127687454224,
      "rel_frob": 0.022137753056304856,
      "effective_rank": 1335.563720703125,
      "base_effective_rank": 1315.3775634765625
    },
    {
      "name": "model.layers.0.self_attn.k_proj.weight",
      "category": "attn_qkv",
      "shape": [
        2048,
        2048
      ],
      "n_params": 4194304,
      "mean_abs": 0.00022314261877909303,
      "p50_abs": 7.62939453125e-05,
      "p90_abs": 0.000675201416015625,
      "p99_abs": 0.001247406005859375,
      "top1_pct_mass": 0.14728017422723785,
      "top5_pct_mass": 0.4397328680674141,
      "top20_pct_mass": 0.8588423787957532,
      "changed_gt_1e-5": 0.5931661128997803,
      "changed_gt_1e-4": 0.4693641662597656,
      "changed_gt_1e-3": 0.030217409133911133,
      "frob_norm": 0.7760134339332581,
      "rel_frob": 0.029073763948248205,
      "effective_rank": 1130.6668701171875,
      "base_effective_rank": 853.2792358398438
    },
    {
      "name": "model.layers.0.self_attn.q_proj.weight",
      "category": "attn_qkv",
      "shape": [
        2048,
        2048
      ],
      "n_params": 4194304,
      "mean_abs": 0.0002228549710707739,
      "p50_abs": 9.5367431640625e-05,
      "p90_abs": 0.0006470680236816406,
      "p99_abs": 0.0011653900146484375,
      "top1_pct_mass": 0.13443216068507485,
      "top5_pct_mass": 0.41404368558264815,
      "top20_pct_mass": 0.8328336014338298,
      "changed_gt_1e-5": 0.6176416873931885,
      "changed_gt_1e-4": 0.49494004249572754,
      "changed_gt_1e-3": 0.02326226234436035,
      "frob_norm": 0.746032178401947,
      "rel_frob": 0.029727253887313825,
      "effective_rank": 939.075927734375,