{
  "ckpt": "/project/inniang/research/harness/checkpoints/offpolicy-revkd-instruct7b-s42",
  "task": "gsm_symbolic",
  "n_prompts": 64,
  "n_samples": 16,
  "k_values": [
    1,
    2,
    4,
    8,
    16
  ],
  "metrics_by_temp": {
    "T=0.6": {
      "eval/pass@1": 0.3095703125,
      "eval/pass@2": 0.43190104166666665,
      "eval/pass@4": 0.5440934065934067,
      "eval/pass@8": 0.6340387043512044,
      "eval/pass@16": 0.703125,
      "eval/accuracy_mean": 0.3095703125,
      "eval/solved_any": 0.703125,
      "eval/n_prompts": 64.0,
      "eval/n_samples": 16.0,
      "eval/temperature": 0.6,
      "eval/gen_seconds": 260.39438700675964,
      "eval/token_entropy": 0.5045309825800359,
      "eval/distinct_1": 0.06777996070726916,
      "eval/distinct_2": 0.24539154853027764,
      "eval/distinct_3": 0.3727139049719695,
      "eval/distinct_4": 0.4593611564467242
    }
  }
}