{
  "ckpt": "/project/inniang/research/harness/checkpoints/opd-instruct7b-s42",
  "task": "gsm_symbolic",
  "n_prompts": 64,
  "n_samples": 16,
  "k_values": [
    1,
    2,
    4,
    8,
    16
  ],
  "metrics_by_temp": {
    "T=0.6": {
      "eval/pass@1": 0.009765625,
      "eval/pass@2": 0.018098958333333335,
      "eval/pass@4": 0.0315418956043956,
      "eval/pass@8": 0.050841346153846154,
      "eval/pass@16": 0.078125,
      "eval/accuracy_mean": 0.009765625,
      "eval/solved_any": 0.078125,
      "eval/n_prompts": 64.0,
      "eval/n_samples": 16.0,
      "eval/temperature": 0.6,
      "eval/gen_seconds": 444.8405156135559,
      "eval/token_entropy": 2.5058341827243567,
      "eval/distinct_1": 0.2703962703962704,
      "eval/distinct_2": 0.5400943396226415,
      "eval/distinct_3": 0.6897374701670644,
      "eval/distinct_4": 0.783816425120773
    }
  }
}