{
  "ckpt": "/project/inniang/research/harness/checkpoints/opd-instruct7b-s43",
  "task": "gsm_symbolic",
  "n_prompts": 64,
  "n_samples": 16,
  "k_values": [
    1,
    2,
    4,
    8,
    16
  ],
  "metrics_by_temp": {
    "T=0.6": {
      "eval/pass@1": 0.005859375,
      "eval/pass@2": 0.011328125,
      "eval/pass@4": 0.021205357142857144,
      "eval/pass@8": 0.0375,
      "eval/pass@16": 0.0625,
      "eval/accuracy_mean": 0.005859375,
      "eval/solved_any": 0.0625,
      "eval/n_prompts": 64.0,
      "eval/n_samples": 16.0,
      "eval/temperature": 0.6,
      "eval/gen_seconds": 565.2149057388306,
      "eval/token_entropy": 2.5207612309604883,
      "eval/distinct_1": 0.36007827788649704,
      "eval/distinct_2": 0.6257425742574257,
      "eval/distinct_3": 0.7414829659318637,
      "eval/distinct_4": 0.8133874239350912
    }
  }
}