{
  "student": "harness/checkpoints/opsd-clip1.0-lam0.50-s42-75338",
  "teacher": "allenai/OLMo-2-1124-7B-SFT",
  "task": "gsm_symbolic",
  "n_prompts": 64,
  "n_samples": 4,
  "T": 0.6,
  "n_tokens_total": 37690,
  "completion_accuracy": 0.359375,
  "top_q": 0.1,
  "n_tokens": 37690,
  "kl_mean": 0.08205927015202993,
  "kl_p50": 0.013183757662773132,
  "kl_p90": 0.865452014375478,
  "kl_p99": 1.6510072676464915,
  "kl_max": 4.9677088260650635,
  "kl_heavy_tail_frac": 0.0070310427169010346,
  "abs_top_q": 0.1,
  "heavy_tail": 5.0,
  "kl_mean_on_correct": -0.02869948342779053,
  "kl_mean_on_incorrect": 0.11144075500457933,
  "topq_correct_frac": 0.029716105067657202,
  "overall_correct_frac": 0.2096577341469886,
  "topq_correct_lift": 0.14173626929891164,
  "topq_format_frac": 0.19952241973998408,
  "overall_format_frac": 0.19355266648978509,
  "topq_format_lift": 1.0308430431802604,
  "taxonomy": {
    "clip_threshold": 1.0,
    "n_total": 37690,
    "total_abs_kl": 15230.129198754394,
    "total_clip_removed_abs_kl": 4599.392609542563,
    "buckets": {
      "format": {
        "n_tokens": 7295,
        "frac_of_tokens": 0.19355266648978509,
        "mass_frac": 0.17398415407812232,
        "mean_kl": 0.2605557805620696,
        "mean_abs_kl": 0.3632352495059348,
        "mean_entropy": 2.4419207792494713,
        "corr_frac": 0.17395476353666894,
        "frac_of_clip_removed": 0.05568905131629097,
        "mass_frac_after_clip": 0.22516457951919555
      },
      "uncertain": {
        "n_tokens": 14126,
        "frac_of_tokens": 0.3747943751658265,
        "mass_frac": 0.7690689378337949,
        "mean_kl": 0.10969855705631831,
        "mean_abs_kl": 0.8291816003084742,
        "mean_entropy": 3.5364841893494643,
        "corr_frac": 0.10356788899900891,
        "frac_of_clip_removed": 0.9192779595368691,
        "mass_frac_after_clip": 0.7040809420810981
      },
      "wrong_confident": {
        "n_tokens": 3,
        "frac_of_tokens": 7.959671000265323e-05,
        "mass_frac": 0.0005644995445042055,
        "mean_kl": -2.865800331812352,
        "mean_abs_kl": 2.865800331812352,
        "mean_entropy": 0.12454908962051074,
        "corr_frac": 0.0,
        "frac_of_clip_removed": 0.001216986996027232,
        "mass_frac_after_clip": 0.0002822005770554439
      },
      "content": {
        "n_tokens": 16266,
        "frac_of_tokens": 0.43157336163438575,
        "mass_frac": 0.05638240854357947,
        "mean_kl": -0.021452412587753922,
        "mean_abs_kl": 0.05279179679427449,
        "mean_entropy": 0.26903287541422943,
        "corr_frac": 0.3178408951186524,
        "frac_of_clip_removed": 0.023816002150812744,
        "mass_frac_after_clip": 0.07047227782265227
      }
    }
  },
  "wall_seconds": 268.9788188934326
}