{
  "base": "allenai/OLMo-2-0425-1B-SFT",
  "ckpt": "harness/checkpoints/sft-student-rft-gsm-s42",
  "prune_pct_target": 0.6,
  "prune_stats": {
    "tau": 7.724761962890625e-05,
    "n_moved": 80111204,
    "n_total": 1484916736,
    "n_zero": 1404805532,
    "prune_pct_target": 0.6,
    "actual_prune_frac_of_moved": 0.600160409522743,
    "actual_prune_frac_of_total": 0.03237863230602042,
    "n_pruned": 48079573,
    "n_moved_check": 80111204
  },
  "task": "gsm_symbolic",
  "n_prompts": 64,
  "n_samples": 16,
  "k_values": [
    1,
    2,
    4,
    8,
    16
  ],
  "metrics_by_temp": {
    "T=0.6": {
      "eval/pass@1": 0.3974609375,
      "eval/pass@2": 0.4825520833333333,
      "eval/pass@4": 0.5604223901098901,
      "eval/pass@8": 0.6274706196581197,
      "eval/pass@16": 0.6875,
      "eval/accuracy_mean": 0.3974609375,
      "eval/solved_any": 0.6875,
      "eval/n_prompts": 64.0,
      "eval/n_samples": 16.0,
      "eval/temperature": 0.6,
      "eval/gen_seconds": 239.6938121318817,
      "eval/token_entropy": 0.41421411046758294,
      "eval/distinct_1": 0.050581284543548696,
      "eval/distinct_2": 0.1825150998915905,
      "eval/distinct_3": 0.2858266787301837,
      "eval/distinct_4": 0.36151755017190373
    }
  }
}