{
  "base": "allenai/OLMo-2-0425-1B-SFT",
  "ckpt": "harness/checkpoints/sft-student-rft-gsm-s42",
  "prune_pct_target": 0.85,
  "prune_stats": {
    "tau": 0.000148773193359375,
    "n_moved": 80111204,
    "n_total": 1484916736,
    "n_zero": 1404805532,
    "prune_pct_target": 0.85,
    "actual_prune_frac_of_moved": 0.851532252592284,
    "actual_prune_frac_of_total": 0.04594013411402483,
    "n_pruned": 68217274,
    "n_moved_check": 80111204
  },
  "task": "gsm_symbolic",
  "n_prompts": 64,
  "n_samples": 16,
  "k_values": [
    1,
    2,
    4,
    8,
    16
  ],
  "metrics_by_temp": {
    "T=0.6": {
      "eval/pass@1": 0.3251953125,
      "eval/pass@2": 0.41627604166666665,
      "eval/pass@4": 0.5086796016483517,
      "eval/pass@8": 0.6071301961926961,
      "eval/pass@16": 0.703125,
      "eval/accuracy_mean": 0.3251953125,
      "eval/solved_any": 0.703125,
      "eval/n_prompts": 64.0,
      "eval/n_samples": 16.0,
      "eval/temperature": 0.6,
      "eval/gen_seconds": 277.52155685424805,
      "eval/token_entropy": 0.4431097535416484,
      "eval/distinct_1": 0.05660377358490566,
      "eval/distinct_2": 0.21220108304979154,
      "eval/distinct_3": 0.334274861205805,
      "eval/distinct_4": 0.4190881639522796
    }
  }
}