{
  "ckpt": "/project/inniang/research/harness/checkpoints/opd-instruct7b-clip1-s42",
  "task": "gsm_symbolic",
  "n_prompts": 64,
  "n_samples": 16,
  "k_values": [
    1,
    2,
    4,
    8,
    16
  ],
  "metrics_by_temp": {
    "T=0.6": {
      "eval/pass@1": 0.1484375,
      "eval/pass@2": 0.19765625,
      "eval/pass@4": 0.2422132554945055,
      "eval/pass@8": 0.278887432012432,
      "eval/pass@16": 0.296875,
      "eval/accuracy_mean": 0.1484375,
      "eval/solved_any": 0.296875,
      "eval/n_prompts": 64.0,
      "eval/n_samples": 16.0,
      "eval/temperature": 0.6,
      "eval/gen_seconds": 262.38179564476013,
      "eval/token_entropy": 0.6405730514088646,
      "eval/distinct_1": 0.0575568935605674,
      "eval/distinct_2": 0.1831657510106769,
      "eval/distinct_3": 0.27319641916798315,
      "eval/distinct_4": 0.3428235042277641
    }
  }
}