{
  "ckpt": "/project/inniang/research/harness/checkpoints/revkd-warm-instruct7b-s42",
  "task": "gsm_symbolic",
  "n_prompts": 64,
  "n_samples": 16,
  "k_values": [
    1,
    2,
    4,
    8,
    16
  ],
  "metrics_by_temp": {
    "T=0.6": {
      "eval/pass@1": 0.29296875,
      "eval/pass@2": 0.40143229166666666,
      "eval/pass@4": 0.5006696428571429,
      "eval/pass@8": 0.5832471348096349,
      "eval/pass@16": 0.65625,
      "eval/accuracy_mean": 0.29296875,
      "eval/solved_any": 0.65625,
      "eval/n_prompts": 64.0,
      "eval/n_samples": 16.0,
      "eval/temperature": 0.6,
      "eval/gen_seconds": 216.66498589515686,
      "eval/token_entropy": 0.5092952648410574,
      "eval/distinct_1": 0.06394170446868062,
      "eval/distinct_2": 0.22965429438840465,
      "eval/distinct_3": 0.3513070271344797,
      "eval/distinct_4": 0.4343658561194632
    }
  }
}