{
  "ckpt": "/project/inniang/research/harness/checkpoints/opd-warm-instruct7b-s42",
  "task": "gsm_symbolic",
  "n_prompts": 64,
  "n_samples": 16,
  "k_values": [
    1,
    2,
    4,
    8,
    16
  ],
  "metrics_by_temp": {
    "T=0.6": {
      "eval/pass@1": 0.00390625,
      "eval/pass@2": 0.007682291666666667,
      "eval/pass@4": 0.014843750000000001,
      "eval/pass@8": 0.027604166666666666,
      "eval/pass@16": 0.046875,
      "eval/accuracy_mean": 0.00390625,
      "eval/solved_any": 0.046875,
      "eval/n_prompts": 64.0,
      "eval/n_samples": 16.0,
      "eval/temperature": 0.6,
      "eval/gen_seconds": 567.0694305896759,
      "eval/token_entropy": 2.684105249121785,
      "eval/distinct_1": 0.4689922480620155,
      "eval/distinct_2": 0.7362204724409449,
      "eval/distinct_3": 0.832,
      "eval/distinct_4": 0.8902439024390244
    }
  }
}