{
  "ckpt": "harness/checkpoints/opd-dpo7b-s42",
  "task": "gsm_symbolic",
  "n_prompts": 128,
  "n_samples": 64,
  "k_values": [
    1,
    2,
    4,
    8,
    16,
    32,
    64
  ],
  "metrics_by_temp": {
    "T=0.6": {
      "eval/pass@1": 0.0108642578125,
      "eval/pass@2": 0.020546564980158732,
      "eval/pass@4": 0.03708793100463348,
      "eval/pass@8": 0.06241758107908148,
      "eval/pass@16": 0.09700604599867117,
      "eval/pass@32": 0.14023706127517924,
      "eval/pass@64": 0.1875,
      "eval/accuracy_mean": 0.0108642578125,
      "eval/solved_any": 0.1875,
      "eval/n_prompts": 128.0,
      "eval/n_samples": 64.0,
      "eval/temperature": 0.6,
      "eval/gen_seconds": 6568.513494491577,
      "eval/token_entropy": 2.34005246788729,
      "eval/distinct_1": 0.11926020408163265,
      "eval/distinct_2": 0.32073280866984905,
      "eval/distinct_3": 0.4575828765335422,
      "eval/distinct_4": 0.5567146441304635
    },
    "T=1.0": {
      "eval/pass@1": 0.0107421875,
      "eval/pass@2": 0.020294673859126984,
      "eval/pass@4": 0.036704742546145905,
      "eval/pass@8": 0.06268473427740613,
      "eval/pass@16": 0.10175783979710079,
      "eval/pass@32": 0.1582180077388983,
      "eval/pass@64": 0.2265625,
      "eval/accuracy_mean": 0.0107421875,
      "eval/solved_any": 0.2265625,
      "eval/n_prompts": 128.0,
      "eval/n_samples": 64.0,
      "eval/temperature": 1.0,
      "eval/gen_seconds": 4115.54974770546,
      "eval/token_entropy": 2.9552260553464293,
      "eval/distinct_1": 0.1483166515013649,
      "eval/distinct_2": 0.4231387867647059,
      "eval/distinct_3": 0.5947075208913649,
      "eval/distinct_4": 0.6994606003752345
    }
  }
}