{
  "ckpt": "harness/checkpoints/opd-sft7b-s43",
  "task": "gsm_symbolic",
  "n_prompts": 128,
  "n_samples": 64,
  "k_values": [
    1,
    2,
    4,
    8,
    16,
    32,
    64
  ],
  "metrics_by_temp": {
    "T=0.6": {
      "eval/pass@1": 0.012451171875,
      "eval/pass@2": 0.022902715773809524,
      "eval/pass@4": 0.03975290074302461,
      "eval/pass@8": 0.06477711359915067,
      "eval/pass@16": 0.10199888180107203,
      "eval/pass@32": 0.15800735341041025,
      "eval/pass@64": 0.234375,
      "eval/accuracy_mean": 0.012451171875,
      "eval/solved_any": 0.234375,
      "eval/n_prompts": 128.0,
      "eval/n_samples": 64.0,
      "eval/temperature": 0.6,
      "eval/gen_seconds": 9875.770582675934,
      "eval/token_entropy": 0.8215414626465645,
      "eval/distinct_1": 0.10273856097975846,
      "eval/distinct_2": 0.3178120131556171,
      "eval/distinct_3": 0.47066079295154184,
      "eval/distinct_4": 0.581015610981518
    },
    "T=1.0": {
      "eval/pass@1": 0.0113525390625,
      "eval/pass@2": 0.021871899801587304,
      "eval/pass@4": 0.04077383903389489,
      "eval/pass@8": 0.0719970664955762,
      "eval/pass@16": 0.11801337772152805,
      "eval/pass@32": 0.17803802056884505,
      "eval/pass@64": 0.2421875,
      "eval/accuracy_mean": 0.0113525390625,
      "eval/solved_any": 0.2421875,
      "eval/n_prompts": 128.0,
      "eval/n_samples": 64.0,
      "eval/temperature": 1.0,
      "eval/gen_seconds": 7884.214909791946,
      "eval/token_entropy": 1.7766048801713623,
      "eval/distinct_1": 0.1877431906614786,
      "eval/distinct_2": 0.5522092332078462,
      "eval/distinct_3": 0.7600403632694248,
      "eval/distinct_4": 0.8672693651119786
    }
  }
}