{
  "ckpt": "harness/checkpoints/rl-baseline-s43",
  "task": "gsm_symbolic",
  "n_prompts": 128,
  "n_samples": 64,
  "k_values": [
    1,
    2,
    4,
    8,
    16,
    32,
    64
  ],
  "metrics_by_temp": {
    "T=0.6": {
      "eval/pass@1": 0.634521484375,
      "eval/pass@2": 0.6680850074404762,
      "eval/pass@4": 0.6943218095466307,
      "eval/pass@8": 0.7150711890105604,
      "eval/pass@16": 0.731506448458477,
      "eval/pass@32": 0.745145477344025,
      "eval/pass@64": 0.7578125,
      "eval/accuracy_mean": 0.634521484375,
      "eval/solved_any": 0.7578125,
      "eval/n_prompts": 128.0,
      "eval/n_samples": 64.0,
      "eval/temperature": 0.6,
      "eval/gen_seconds": 1749.7547962665558,
      "eval/token_entropy": 0.43706029898748966,
      "eval/distinct_1": 0.004512344956704891,
      "eval/distinct_2": 0.013961897125207888,
      "eval/distinct_3": 0.019911037394451145,
      "eval/distinct_4": 0.023362839990198482
    },
    "T=1.0": {
      "eval/pass@1": 0.6163330078125,
      "eval/pass@2": 0.6594897073412699,
      "eval/pass@4": 0.6952545249781232,
      "eval/pass@8": 0.7259650370971239,
      "eval/pass@16": 0.7509604598095022,
      "eval/pass@32": 0.7688835203424939,
      "eval/pass@64": 0.78125,
      "eval/accuracy_mean": 0.6163330078125,
      "eval/solved_any": 0.78125,
      "eval/n_prompts": 128.0,
      "eval/n_samples": 64.0,
      "eval/temperature": 1.0,
      "eval/gen_seconds": 2114.6735208034515,
      "eval/token_entropy": 0.6624495249093343,
      "eval/distinct_1": 0.005222389809401032,
      "eval/distinct_2": 0.0172064139401242,
      "eval/distinct_3": 0.026040078455289144,
      "eval/distinct_4": 0.03204566918897424
    }
  }
}