{
  "ckpt": "harness/checkpoints/rl-baseline-s42",
  "task": "gsm_symbolic",
  "n_prompts": 128,
  "n_samples": 64,
  "k_values": [
    1,
    2,
    4,
    8,
    16,
    32,
    64
  ],
  "metrics_by_temp": {
    "T=0.6": {
      "eval/pass@1": 0.573486328125,
      "eval/pass@2": 0.603333488343254,
      "eval/pass@4": 0.6311145019838647,
      "eval/pass@8": 0.657354588191699,
      "eval/pass@16": 0.6789162764665702,
      "eval/pass@32": 0.6961891196493412,
      "eval/pass@64": 0.7109375,
      "eval/accuracy_mean": 0.573486328125,
      "eval/solved_any": 0.7109375,
      "eval/n_prompts": 128.0,
      "eval/n_samples": 64.0,
      "eval/temperature": 0.6,
      "eval/gen_seconds": 2038.135712146759,
      "eval/token_entropy": 0.41425951867495314,
      "eval/distinct_1": 0.003362300848334368,
      "eval/distinct_2": 0.010503507593361452,
      "eval/distinct_3": 0.015320954788981832,
      "eval/distinct_4": 0.018677820967832798
    },
    "T=1.0": {
      "eval/pass@1": 0.5478515625,
      "eval/pass@2": 0.5990125868055556,
      "eval/pass@4": 0.6432184200772456,
      "eval/pass@8": 0.6829475989997765,
      "eval/pass@16": 0.7152507787215228,
      "eval/pass@32": 0.742188392661061,
      "eval/pass@64": 0.765625,
      "eval/accuracy_mean": 0.5478515625,
      "eval/solved_any": 0.765625,
      "eval/n_prompts": 128.0,
      "eval/n_samples": 64.0,
      "eval/temperature": 1.0,
      "eval/gen_seconds": 2998.5715565681458,
      "eval/token_entropy": 1.0144574103310333,
      "eval/distinct_1": 0.0041546671762184885,
      "eval/distinct_2": 0.013317174572588816,
      "eval/distinct_3": 0.020181882655810668,
      "eval/distinct_4": 0.0252734806395761
    }
  }
}