{
  "ckpt": "harness/checkpoints/exp4gsm_lam0.05_seed42",
  "task": "gsm_symbolic",
  "n_prompts": 128,
  "n_samples": 64,
  "k_values": [
    1,
    2,
    4,
    8,
    16,
    32,
    64
  ],
  "metrics_by_temp": {
    "T=0.6": {
      "eval/pass@1": 0.4149169921875,
      "eval/pass@2": 0.4998217385912698,
      "eval/pass@4": 0.5621921237385422,
      "eval/pass@8": 0.6130011088274142,
      "eval/pass@16": 0.6514172543853104,
      "eval/pass@32": 0.6748068890459431,
      "eval/pass@64": 0.6875,
      "eval/accuracy_mean": 0.4149169921875,
      "eval/solved_any": 0.6875,
      "eval/n_prompts": 128.0,
      "eval/n_samples": 64.0,
      "eval/temperature": 0.6,
      "eval/gen_seconds": 5022.116160154343,
      "eval/token_entropy": 2.6586035247310065,
      "eval/distinct_1": 0.010036256187751013,
      "eval/distinct_2": 0.038126704200355806,
      "eval/distinct_3": 0.0664967562557924,
      "eval/distinct_4": 0.08734895650746176
    },
    "T=1.0": {
      "eval/pass@1": 0.3321533203125,
      "eval/pass@2": 0.43128022693452384,
      "eval/pass@4": 0.5077386756031075,
      "eval/pass@8": 0.5707726762108886,
      "eval/pass@16": 0.623730578351644,
      "eval/pass@32": 0.6652874535762213,
      "eval/pass@64": 0.6953125,
      "eval/accuracy_mean": 0.3321533203125,
      "eval/solved_any": 0.6953125,
      "eval/n_prompts": 128.0,
      "eval/n_samples": 64.0,
      "eval/temperature": 1.0,
      "eval/gen_seconds": 6075.502786874771,
      "eval/token_entropy": 3.5493682810192695,
      "eval/distinct_1": 0.01387649644466097,
      "eval/distinct_2": 0.0537002256031829,
      "eval/distinct_3": 0.09463950214679448,
      "eval/distinct_4": 0.1262720605088242
    }
  }
}