{
  "ckpt": "harness/checkpoints/exp4gsm_lam0.2_seed42",
  "task": "gsm_symbolic",
  "n_prompts": 128,
  "n_samples": 64,
  "k_values": [
    1,
    2,
    4,
    8,
    16,
    32,
    64
  ],
  "metrics_by_temp": {
    "T=0.6": {
      "eval/pass@1": 0.0123291015625,
      "eval/pass@2": 0.02332899305555556,
      "eval/pass@4": 0.04201386511687568,
      "eval/pass@8": 0.06962568232451205,
      "eval/pass@16": 0.10236404545337938,
      "eval/pass@32": 0.1306003562413483,
      "eval/pass@64": 0.1484375,
      "eval/accuracy_mean": 0.0123291015625,
      "eval/solved_any": 0.1484375,
      "eval/n_prompts": 128.0,
      "eval/n_samples": 64.0,
      "eval/temperature": 0.6,
      "eval/gen_seconds": 6629.049090385437,
      "eval/token_entropy": 3.9494286805565935,
      "eval/distinct_1": 0.08826870030829141,
      "eval/distinct_2": 0.2304519960409106,
      "eval/distinct_3": 0.32947492031538334,
      "eval/distinct_4": 0.40204778156996585
    },
    "T=1.0": {
      "eval/pass@1": 0.0093994140625,
      "eval/pass@2": 0.01834542410714286,
      "eval/pass@4": 0.03496116374398781,
      "eval/pass@8": 0.06363016193858857,
      "eval/pass@16": 0.10644450597436181,
      "eval/pass@32": 0.15562112229697844,
      "eval/pass@64": 0.1953125,
      "eval/accuracy_mean": 0.0093994140625,
      "eval/solved_any": 0.1953125,
      "eval/n_prompts": 128.0,
      "eval/n_samples": 64.0,
      "eval/temperature": 1.0,
      "eval/gen_seconds": 3301.5626051425934,
      "eval/token_entropy": 1.8355007995851338,
      "eval/distinct_1": 0.14493554327808472,
      "eval/distinct_2": 0.4035120493181394,
      "eval/distinct_3": 0.5570507960576194,
      "eval/distinct_4": 0.6474321984997115
    }
  }
}