{
  "ckpt": "harness/checkpoints/clip1.0-lam0.10-s44-rep-71395-44",
  "task": "simple_equations",
  "n_prompts": 128,
  "n_samples": 64,
  "k_values": [
    1,
    2,
    4,
    8,
    16,
    32,
    64
  ],
  "metrics_by_temp": {
    "T=0.6": {
      "eval/pass@1": 0.0933837890625,
      "eval/pass@2": 0.1579163566468254,
      "eval/pass@4": 0.24589180264914004,
      "eval/pass@8": 0.35138166278595256,
      "eval/pass@16": 0.46349598319247937,
      "eval/pass@32": 0.5768323653902183,
      "eval/pass@64": 0.6875,
      "eval/accuracy_mean": 0.0933837890625,
      "eval/solved_any": 0.6875,
      "eval/n_prompts": 128.0,
      "eval/n_samples": 64.0,
      "eval/temperature": 0.6,
      "eval/gen_seconds": 10495.393098592758,
      "eval/token_entropy": 8.658689526491798,
      "eval/distinct_1": 0.036868839051267706,
      "eval/distinct_2": 0.10493030177035692,
      "eval/distinct_3": 0.1644707558087777,
      "eval/distinct_4": 0.22066248556614668
    },
    "T=1.0": {
      "eval/pass@1": 0.0438232421875,
      "eval/pass@2": 0.07982623387896826,
      "eval/pass@4": 0.13664281071365617,
      "eval/pass@8": 0.2174739766767369,
      "eval/pass@16": 0.32290568910515954,
      "eval/pass@32": 0.4483314241500627,
      "eval/pass@64": 0.5859375,
      "eval/accuracy_mean": 0.0438232421875,
      "eval/solved_any": 0.5859375,
      "eval/n_prompts": 128.0,
      "eval/n_samples": 64.0,
      "eval/temperature": 1.0,
      "eval/gen_seconds": 11135.870954275131,
      "eval/token_entropy": 10.030058916192502,
      "eval/distinct_1": 0.049601632335794794,
      "eval/distinct_2": 0.17428924598269468,
      "eval/distinct_3": 0.27599919460384575,
      "eval/distinct_4": 0.36356179832880503
    }
  }
}