{
  "ckpt": "harness/checkpoints/clip1.0-lam0.20-s44-rep-71395-44",
  "task": "simple_equations",
  "n_prompts": 128,
  "n_samples": 64,
  "k_values": [
    1,
    2,
    4,
    8,
    16,
    32,
    64
  ],
  "metrics_by_temp": {
    "T=0.6": {
      "eval/pass@1": 0.0723876953125,
      "eval/pass@2": 0.12257021949404762,
      "eval/pass@4": 0.1912050035136675,
      "eval/pass@8": 0.27740996270346535,
      "eval/pass@16": 0.38083746482529723,
      "eval/pass@32": 0.49414285277746717,
      "eval/pass@64": 0.59375,
      "eval/accuracy_mean": 0.0723876953125,
      "eval/solved_any": 0.59375,
      "eval/n_prompts": 128.0,
      "eval/n_samples": 64.0,
      "eval/temperature": 0.6,
      "eval/gen_seconds": 10006.88756775856,
      "eval/token_entropy": 7.703151057794457,
      "eval/distinct_1": 0.03503184713375796,
      "eval/distinct_2": 0.13213550439827812,
      "eval/distinct_3": 0.23068354705498806,
      "eval/distinct_4": 0.32423029131575315
    },
    "T=1.0": {
      "eval/pass@1": 0.02783203125,
      "eval/pass@2": 0.05171130952380953,
      "eval/pass@4": 0.09102769462491501,
      "eval/pass@8": 0.14954187457564058,
      "eval/pass@16": 0.23067906324131748,
      "eval/pass@32": 0.340613039746389,
      "eval/pass@64": 0.4765625,
      "eval/accuracy_mean": 0.02783203125,
      "eval/solved_any": 0.4765625,
      "eval/n_prompts": 128.0,
      "eval/n_samples": 64.0,
      "eval/temperature": 1.0,
      "eval/gen_seconds": 11356.674145698547,
      "eval/token_entropy": 10.132011881330982,
      "eval/distinct_1": 0.07626039403700652,
      "eval/distinct_2": 0.2630134898254706,
      "eval/distinct_3": 0.409679671139378,
      "eval/distinct_4": 0.5312277931306751
    }
  }
}