{
  "ckpt": "harness/checkpoints/clip1.0-lam0.20-s43-rep-71395-43",
  "task": "simple_equations",
  "n_prompts": 128,
  "n_samples": 64,
  "k_values": [
    1,
    2,
    4,
    8,
    16,
    32,
    64
  ],
  "metrics_by_temp": {
    "T=0.6": {
      "eval/pass@1": 0.0699462890625,
      "eval/pass@2": 0.11776103670634921,
      "eval/pass@4": 0.18156769820153737,
      "eval/pass@8": 0.2605097614288911,
      "eval/pass@16": 0.3587253731976542,
      "eval/pass@32": 0.4757996477354856,
      "eval/pass@64": 0.5859375,
      "eval/accuracy_mean": 0.0699462890625,
      "eval/solved_any": 0.5859375,
      "eval/n_prompts": 128.0,
      "eval/n_samples": 64.0,
      "eval/temperature": 0.6,
      "eval/gen_seconds": 9733.976674556732,
      "eval/token_entropy": 7.180451874912251,
      "eval/distinct_1": 0.03252333679063565,
      "eval/distinct_2": 0.12910498234012174,
      "eval/distinct_3": 0.2282454000203314,
      "eval/distinct_4": 0.32368794326241135
    },
    "T=1.0": {
      "eval/pass@1": 0.025634765625,
      "eval/pass@2": 0.047200520833333336,
      "eval/pass@4": 0.08158700025654102,
      "eval/pass@8": 0.12989751323469984,
      "eval/pass@16": 0.19282701285128842,
      "eval/pass@32": 0.2728706300514775,
      "eval/pass@64": 0.359375,
      "eval/accuracy_mean": 0.025634765625,
      "eval/solved_any": 0.359375,
      "eval/n_prompts": 128.0,
      "eval/n_samples": 64.0,
      "eval/temperature": 1.0,
      "eval/gen_seconds": 11097.860628128052,
      "eval/token_entropy": 9.807683843246195,
      "eval/distinct_1": 0.06674454828660437,
      "eval/distinct_2": 0.24346793349168647,
      "eval/distinct_3": 0.3928341384863124,
      "eval/distinct_4": 0.5207207207207207
    }
  }
}