{
  "ckpt": "harness/checkpoints/clip1.0-lam0.20-s42-71271",
  "task": "simple_equations",
  "n_prompts": 128,
  "n_samples": 64,
  "k_values": [
    1,
    2,
    4,
    8,
    16,
    32,
    64
  ],
  "metrics_by_temp": {
    "T=0.6": {
      "eval/pass@1": 0.0599365234375,
      "eval/pass@2": 0.10736762152777779,
      "eval/pass@4": 0.17892321338073833,
      "eval/pass@8": 0.2734257967809592,
      "eval/pass@16": 0.3852180474473166,
      "eval/pass@32": 0.5097893545406534,
      "eval/pass@64": 0.640625,
      "eval/accuracy_mean": 0.0599365234375,
      "eval/solved_any": 0.640625,
      "eval/n_prompts": 128.0,
      "eval/n_samples": 64.0,
      "eval/temperature": 0.6,
      "eval/gen_seconds": 10516.980879545212,
      "eval/token_entropy": 8.977098371484317,
      "eval/distinct_1": 0.0414366435019809,
      "eval/distinct_2": 0.15239415239415238,
      "eval/distinct_3": 0.25633972896820073,
      "eval/distinct_4": 0.35462637699942023
    },
    "T=1.0": {
      "eval/pass@1": 0.02099609375,
      "eval/pass@2": 0.0395081535218254,
      "eval/pass@4": 0.07085341986477299,
      "eval/pass@8": 0.11882755575323604,
      "eval/pass@16": 0.18613515131685726,
      "eval/pass@32": 0.27570118072583943,
      "eval/pass@64": 0.375,
      "eval/accuracy_mean": 0.02099609375,
      "eval/solved_any": 0.375,
      "eval/n_prompts": 128.0,
      "eval/n_samples": 64.0,
      "eval/temperature": 1.0,
      "eval/gen_seconds": 10854.29725265503,
      "eval/token_entropy": 10.34879024187103,
      "eval/distinct_1": 0.14232939969214983,
      "eval/distinct_2": 0.3388697378042411,
      "eval/distinct_3": 0.485799383044357,
      "eval/distinct_4": 0.6090584028605482
    }
  }
}