{
  "ckpt": "harness/checkpoints/clip1.0-lam0.10-s43-rep-71395-43",
  "task": "simple_equations",
  "n_prompts": 128,
  "n_samples": 64,
  "k_values": [
    1,
    2,
    4,
    8,
    16,
    32,
    64
  ],
  "metrics_by_temp": {
    "T=0.6": {
      "eval/pass@1": 0.17138671875,
      "eval/pass@2": 0.2591145833333333,
      "eval/pass@4": 0.3640316053997948,
      "eval/pass@8": 0.47884418385386174,
      "eval/pass@16": 0.5913416474266161,
      "eval/pass@32": 0.6826809685937341,
      "eval/pass@64": 0.75,
      "eval/accuracy_mean": 0.17138671875,
      "eval/solved_any": 0.75,
      "eval/n_prompts": 128.0,
      "eval/n_samples": 64.0,
      "eval/temperature": 0.6,
      "eval/gen_seconds": 7866.782953977585,
      "eval/token_entropy": 5.23537299601594,
      "eval/distinct_1": 0.023194535543844572,
      "eval/distinct_2": 0.07572797683344441,
      "eval/distinct_3": 0.12638697470158144,
      "eval/distinct_4": 0.17709644477165318
    },
    "T=1.0": {
      "eval/pass@1": 0.1075439453125,
      "eval/pass@2": 0.17755611359126985,
      "eval/pass@4": 0.26910802619236485,
      "eval/pass@8": 0.376868878050624,
      "eval/pass@16": 0.4923028058850851,
      "eval/pass@32": 0.6102000634607866,
      "eval/pass@64": 0.7421875,
      "eval/accuracy_mean": 0.1075439453125,
      "eval/solved_any": 0.7421875,
      "eval/n_prompts": 128.0,
      "eval/n_samples": 64.0,
      "eval/temperature": 1.0,
      "eval/gen_seconds": 10764.997462272644,
      "eval/token_entropy": 8.571848009363748,
      "eval/distinct_1": 0.0499024559228399,
      "eval/distinct_2": 0.1327317199718341,
      "eval/distinct_3": 0.212658943204295,
      "eval/distinct_4": 0.29120373917707454
    }
  }
}