{
  "ckpt": "harness/checkpoints/clip1.0-lam0.20-s45-rep-71395-45",
  "task": "simple_equations",
  "n_prompts": 128,
  "n_samples": 64,
  "k_values": [
    1,
    2,
    4,
    8,
    16,
    32,
    64
  ],
  "metrics_by_temp": {
    "T=0.6": {
      "eval/pass@1": 0.085693359375,
      "eval/pass@2": 0.1447056361607143,
      "eval/pass@4": 0.22286808322945784,
      "eval/pass@8": 0.3149982498822387,
      "eval/pass@16": 0.4166118179824944,
      "eval/pass@32": 0.5218123649170928,
      "eval/pass@64": 0.625,
      "eval/accuracy_mean": 0.085693359375,
      "eval/solved_any": 0.625,
      "eval/n_prompts": 128.0,
      "eval/n_samples": 64.0,
      "eval/temperature": 0.6,
      "eval/gen_seconds": 9657.39057970047,
      "eval/token_entropy": 7.6542141746904235,
      "eval/distinct_1": 0.03731871241598868,
      "eval/distinct_2": 0.14867784751517646,
      "eval/distinct_3": 0.2622465552470268,
      "eval/distinct_4": 0.3687286507258753
    },
    "T=1.0": {
      "eval/pass@1": 0.0333251953125,
      "eval/pass@2": 0.06088402157738096,
      "eval/pass@4": 0.10465760382434969,
      "eval/pass@8": 0.16787552833969827,
      "eval/pass@16": 0.254153134289621,
      "eval/pass@32": 0.36522558178543135,
      "eval/pass@64": 0.5,
      "eval/accuracy_mean": 0.0333251953125,
      "eval/solved_any": 0.5,
      "eval/n_prompts": 128.0,
      "eval/n_samples": 64.0,
      "eval/temperature": 1.0,
      "eval/gen_seconds": 10918.398307323456,
      "eval/token_entropy": 10.309371036244556,
      "eval/distinct_1": 0.07416387363616915,
      "eval/distinct_2": 0.26945454545454545,
      "eval/distinct_3": 0.4311048452919789,
      "eval/distinct_4": 0.5671766131475311
    }
  }
}