{
  "ckpt": "harness/checkpoints/grpo-distill-seed42-71209",
  "task": "simple_equations",
  "n_prompts": 128,
  "n_samples": 64,
  "k_values": [
    1,
    2,
    4,
    8,
    16,
    32,
    64
  ],
  "metrics_by_temp": {
    "T=0.6": {
      "eval/pass@1": 0.2301025390625,
      "eval/pass@2": 0.31865001860119047,
      "eval/pass@4": 0.40963929478371863,
      "eval/pass@8": 0.500002055106719,
      "eval/pass@16": 0.5864517225051451,
      "eval/pass@32": 0.6621095571878506,
      "eval/pass@64": 0.7265625,
      "eval/accuracy_mean": 0.2301025390625,
      "eval/solved_any": 0.7265625,
      "eval/n_prompts": 128.0,
      "eval/n_samples": 64.0,
      "eval/temperature": 0.6,
      "eval/gen_seconds": 1243.4791655540466,
      "eval/token_entropy": 0.30600767242140137,
      "eval/distinct_1": 0.021274960754393862,
      "eval/distinct_2": 0.07613666935700834,
      "eval/distinct_3": 0.1297367245742817,
      "eval/distinct_4": 0.18361853039631076
    },
    "T=1.0": {
      "eval/pass@1": 0.185302734375,
      "eval/pass@2": 0.2802308097718254,
      "eval/pass@4": 0.3894502649808932,
      "eval/pass@8": 0.5034657249997149,
      "eval/pass@16": 0.6157620209098883,
      "eval/pass@32": 0.7234107848013871,
      "eval/pass@64": 0.828125,
      "eval/accuracy_mean": 0.185302734375,
      "eval/solved_any": 0.828125,
      "eval/n_prompts": 128.0,
      "eval/n_samples": 64.0,
      "eval/temperature": 1.0,
      "eval/gen_seconds": 1279.8011338710785,
      "eval/token_entropy": 0.3389497832977213,
      "eval/distinct_1": 0.03364193328795099,
      "eval/distinct_2": 0.12628593671801144,
      "eval/distinct_3": 0.2197148294373278,
      "eval/distinct_4": 0.31035183464932653
    }
  }
}