{
  "ckpt": "/project/inniang/research/harness/checkpoints/sft-rft-unfilt-s42",
  "task": "gsm_symbolic",
  "n_prompts": 64,
  "n_samples": 16,
  "k_values": [
    1,
    2,
    4,
    8,
    16
  ],
  "metrics_by_temp": {
    "T=0.6": {
      "eval/pass@1": 0.2890625,
      "eval/pass@2": 0.39205729166666664,
      "eval/pass@4": 0.48851304945054946,
      "eval/pass@8": 0.562844794094794,
      "eval/pass@16": 0.625,
      "eval/accuracy_mean": 0.2890625,
      "eval/solved_any": 0.625,
      "eval/n_prompts": 64.0,
      "eval/n_samples": 16.0,
      "eval/temperature": 0.6,
      "eval/gen_seconds": 248.58787751197815,
      "eval/token_entropy": 0.4673506523249671,
      "eval/distinct_1": 0.05717315850366371,
      "eval/distinct_2": 0.20725743348982786,
      "eval/distinct_3": 0.3230944819372767,
      "eval/distinct_4": 0.4082393231265109
    }
  }
}