{
  "ckpt": "/project/inniang/research/harness/checkpoints/sft-rft-correct-s42",
  "task": "gsm_symbolic",
  "n_prompts": 64,
  "n_samples": 16,
  "k_values": [
    1,
    2,
    4,
    8,
    16
  ],
  "metrics_by_temp": {
    "T=0.6": {
      "eval/pass@1": 0.3828125,
      "eval/pass@2": 0.469921875,
      "eval/pass@4": 0.557185782967033,
      "eval/pass@8": 0.6315085955710956,
      "eval/pass@16": 0.671875,
      "eval/accuracy_mean": 0.3828125,
      "eval/solved_any": 0.671875,
      "eval/n_prompts": 64.0,
      "eval/n_samples": 16.0,
      "eval/temperature": 0.6,
      "eval/gen_seconds": 265.9428811073303,
      "eval/token_entropy": 0.41365579701960087,
      "eval/distinct_1": 0.049747521974939216,
      "eval/distinct_2": 0.1896898606840527,
      "eval/distinct_3": 0.298755346614774,
      "eval/distinct_4": 0.3780273093626511
    }
  }
}