{
  "ckpt": "/project/inniang/research/harness/checkpoints/sft-rft-unfilt-s43",
  "task": "gsm_symbolic",
  "n_prompts": 64,
  "n_samples": 16,
  "k_values": [
    1,
    2,
    4,
    8,
    16
  ],
  "metrics_by_temp": {
    "T=0.6": {
      "eval/pass@1": 0.3056640625,
      "eval/pass@2": 0.41106770833333334,
      "eval/pass@4": 0.5029532967032967,
      "eval/pass@8": 0.5736742424242425,
      "eval/pass@16": 0.640625,
      "eval/accuracy_mean": 0.3056640625,
      "eval/solved_any": 0.640625,
      "eval/n_prompts": 64.0,
      "eval/n_samples": 16.0,
      "eval/temperature": 0.6,
      "eval/gen_seconds": 264.4871516227722,
      "eval/token_entropy": 0.4594525620341301,
      "eval/distinct_1": 0.0574095151377191,
      "eval/distinct_2": 0.20889525217070018,
      "eval/distinct_3": 0.3256947373353953,
      "eval/distinct_4": 0.4110149338913726
    }
  }
}