{
  "ckpt": "harness/checkpoints/clip1.0-lam0.05-s42-71271",
  "task": "gsm_symbolic",
  "n_prompts": 128,
  "n_samples": 64,
  "k_values": [
    1,
    2,
    4,
    8,
    16,
    32,
    64
  ],
  "metrics_by_temp": {
    "T=0.6": {
      "eval/pass@1": 0.6796875,
      "eval/pass@2": 0.7211371527777778,
      "eval/pass@4": 0.7548784597624084,
      "eval/pass@8": 0.7810857840282855,
      "eval/pass@16": 0.7999522049541031,
      "eval/pass@32": 0.8156469673651631,
      "eval/pass@64": 0.8359375,
      "eval/accuracy_mean": 0.6796875,
      "eval/solved_any": 0.8359375,
      "eval/n_prompts": 128.0,
      "eval/n_samples": 64.0,
      "eval/temperature": 0.6,
      "eval/gen_seconds": 2291.767894744873,
      "eval/token_entropy": 0.6787957935566737,
      "eval/distinct_1": 0.004928135788058229,
      "eval/distinct_2": 0.018109484977768178,
      "eval/distinct_3": 0.02821029090948955,
      "eval/distinct_4": 0.035817230109473484
    },
    "T=1.0": {
      "eval/pass@1": 0.6429443359375,
      "eval/pass@2": 0.7038690476190477,
      "eval/pass@4": 0.7493958793690665,
      "eval/pass@8": 0.7845887543903189,
      "eval/pass@16": 0.811346027213161,
      "eval/pass@32": 0.8329970554991866,
      "eval/pass@64": 0.8515625,
      "eval/accuracy_mean": 0.6429443359375,
      "eval/solved_any": 0.8515625,
      "eval/n_prompts": 128.0,
      "eval/n_samples": 64.0,
      "eval/temperature": 1.0,
      "eval/gen_seconds": 3785.8935980796814,
      "eval/token_entropy": 1.6666207182115613,
      "eval/distinct_1": 0.006206931132791794,
      "eval/distinct_2": 0.02684400308242581,
      "eval/distinct_3": 0.04601641255737753,
      "eval/distinct_4": 0.0620120187624571
    }
  }
}