{
  "ckpt": "harness/checkpoints/clip1.0-lam0.05-s42-71271",
  "task": "gsm_symbolic",
  "n_prompts": 128,
  "n_samples": 64,
  "k_values": [
    1,
    2,
    4,
    8,
    16,
    32,
    64
  ],
  "metrics_by_temp": {
    "T=0.6": {
      "eval/pass@1": 0.671142578125,
      "eval/pass@2": 0.6938205295138888,
      "eval/pass@4": 0.711504991237472,
      "eval/pass@8": 0.7278571726826012,
      "eval/pass@16": 0.7420577127898009,
      "eval/pass@32": 0.7532055610366948,
      "eval/pass@64": 0.765625,
      "eval/accuracy_mean": 0.671142578125,
      "eval/solved_any": 0.765625,
      "eval/n_prompts": 128.0,
      "eval/n_samples": 64.0,
      "eval/temperature": 0.6,
      "eval/gen_seconds": 1769.679913520813,
      "eval/token_entropy": 0.4135984021213517,
      "eval/distinct_1": 0.00478439032987692,
      "eval/distinct_2": 0.01805791655482986,
      "eval/distinct_3": 0.02846845755474121,
      "eval/distinct_4": 0.036257575291475684
    },
    "T=1.0": {
      "eval/pass@1": 0.6396484375,
      "eval/pass@2": 0.6882789248511905,
      "eval/pass@4": 0.7171922486645703,
      "eval/pass@8": 0.7404832129247306,
      "eval/pass@16": 0.7645666310513883,
      "eval/pass@32": 0.7931571458247235,
      "eval/pass@64": 0.828125,
      "eval/accuracy_mean": 0.6396484375,
      "eval/solved_any": 0.828125,
      "eval/n_prompts": 128.0,
      "eval/n_samples": 64.0,
      "eval/temperature": 1.0,
      "eval/gen_seconds": 3305.3006722927094,
      "eval/token_entropy": 1.3979696493515803,
      "eval/distinct_1": 0.006289120270088586,
      "eval/distinct_2": 0.027310860627759153,
      "eval/distinct_3": 0.04718921917618233,
      "eval/distinct_4": 0.06382595625420784
    }
  }
}