{
  "ckpt": "harness/checkpoints/exp4gsm_lam0.05_seed42",
  "task": "gsm_symbolic",
  "n_prompts": 128,
  "n_samples": 64,
  "k_values": [
    1,
    2,
    4,
    8,
    16,
    32,
    64
  ],
  "metrics_by_temp": {
    "T=0.6": {
      "eval/pass@1": 0.4466552734375,
      "eval/pass@2": 0.5263245597718254,
      "eval/pass@4": 0.5856113889649593,
      "eval/pass@8": 0.6367044333520002,
      "eval/pass@16": 0.6827905388745569,
      "eval/pass@32": 0.7199460644723185,
      "eval/pass@64": 0.75,
      "eval/accuracy_mean": 0.4466552734375,
      "eval/solved_any": 0.75,
      "eval/n_prompts": 128.0,
      "eval/n_samples": 64.0,
      "eval/temperature": 0.6,
      "eval/gen_seconds": 5318.24978852272,
      "eval/token_entropy": 2.7558024094905704,
      "eval/distinct_1": 0.010211412998596086,
      "eval/distinct_2": 0.04041572859412798,
      "eval/distinct_3": 0.07144195314695438,
      "eval/distinct_4": 0.09381366158743615
    },
    "T=1.0": {
      "eval/pass@1": 0.37109375,
      "eval/pass@2": 0.4702419704861111,
      "eval/pass@4": 0.5466203894426293,
      "eval/pass@8": 0.6133823258771259,
      "eval/pass@16": 0.6757499256306225,
      "eval/pass@32": 0.7320920545970866,
      "eval/pass@64": 0.7890625,
      "eval/accuracy_mean": 0.37109375,
      "eval/solved_any": 0.7890625,
      "eval/n_prompts": 128.0,
      "eval/n_samples": 64.0,
      "eval/temperature": 1.0,
      "eval/gen_seconds": 6340.446021556854,
      "eval/token_entropy": 3.7844190572650405,
      "eval/distinct_1": 0.01323631428904181,
      "eval/distinct_2": 0.05394786239952275,
      "eval/distinct_3": 0.096527295239986,
      "eval/distinct_4": 0.12836112482547368
    }
  }
}