{
  "ckpt": "harness/checkpoints/exp4gsm_lam0.05_seed42",
  "task": "gsm_symbolic",
  "n_prompts": 128,
  "n_samples": 64,
  "k_values": [
    1,
    2,
    4,
    8,
    16,
    32,
    64
  ],
  "metrics_by_temp": {
    "T=0.6": {
      "eval/pass@1": 0.4146728515625,
      "eval/pass@2": 0.4999883742559524,
      "eval/pass@4": 0.5637833936126011,
      "eval/pass@8": 0.6128817613745786,
      "eval/pass@16": 0.6496161687160585,
      "eval/pass@32": 0.6776631139076768,
      "eval/pass@64": 0.703125,
      "eval/accuracy_mean": 0.4146728515625,
      "eval/solved_any": 0.703125,
      "eval/n_prompts": 128.0,
      "eval/n_samples": 64.0,
      "eval/temperature": 0.6,
      "eval/gen_seconds": 5139.090984344482,
      "eval/token_entropy": 2.7608207748417044,
      "eval/distinct_1": 0.010109436900514242,
      "eval/distinct_2": 0.0382426360459311,
      "eval/distinct_3": 0.06686994377566667,
      "eval/distinct_4": 0.08774731493037383
    },
    "T=1.0": {
      "eval/pass@1": 0.335205078125,
      "eval/pass@2": 0.4338805183531746,
      "eval/pass@4": 0.5081942006583503,
      "eval/pass@8": 0.5664482048600195,
      "eval/pass@16": 0.6148709727532135,
      "eval/pass@32": 0.6553921368191837,
      "eval/pass@64": 0.6875,
      "eval/accuracy_mean": 0.335205078125,
      "eval/solved_any": 0.6875,
      "eval/n_prompts": 128.0,
      "eval/n_samples": 64.0,
      "eval/temperature": 1.0,
      "eval/gen_seconds": 6132.635212421417,
      "eval/token_entropy": 3.6580666429072153,
      "eval/distinct_1": 0.013083158855424921,
      "eval/distinct_2": 0.050908872953946076,
      "eval/distinct_3": 0.0903207248669639,
      "eval/distinct_4": 0.12044463916599263
    }
  }
}