{
  "ckpt": "harness/checkpoints/exp4gsm_lam1.0_seed42",
  "task": "simple_equations",
  "n_prompts": 128,
  "n_samples": 64,
  "k_values": [
    1,
    2,
    4,
    8,
    16,
    32,
    64
  ],
  "metrics_by_temp": {
    "T=0.6": {
      "eval/pass@1": 0.005615234375,
      "eval/pass@2": 0.011079334077380952,
      "eval/pass@4": 0.021566843392731235,
      "eval/pass@8": 0.040866033458928266,
      "eval/pass@16": 0.07342556808881671,
      "eval/pass@32": 0.11920923594847775,
      "eval/pass@64": 0.1640625,
      "eval/accuracy_mean": 0.005615234375,
      "eval/solved_any": 0.1640625,
      "eval/n_prompts": 128.0,
      "eval/n_samples": 64.0,
      "eval/temperature": 0.6,
      "eval/gen_seconds": 7904.138932943344,
      "eval/token_entropy": 1.0960429037804715,
      "eval/distinct_1": 0.16569468267581475,
      "eval/distinct_2": 0.44719414430115023,
      "eval/distinct_3": 0.6092809068366986,
      "eval/distinct_4": 0.7241627655743608
    },
    "T=1.0": {
      "eval/pass@1": 0.004638671875,
      "eval/pass@2": 0.009145585317460318,
      "eval/pass@4": 0.017781265050143536,
      "eval/pass@8": 0.03365316199908926,
      "eval/pass@16": 0.06060805924366046,
      "eval/pass@32": 0.10046777419984387,
      "eval/pass@64": 0.1484375,
      "eval/accuracy_mean": 0.004638671875,
      "eval/solved_any": 0.1484375,
      "eval/n_prompts": 128.0,
      "eval/n_samples": 64.0,
      "eval/temperature": 1.0,
      "eval/gen_seconds": 4602.77783870697,
      "eval/token_entropy": 1.5887969435425475,
      "eval/distinct_1": 0.2025766326077299,
      "eval/distinct_2": 0.5219159511974695,
      "eval/distinct_3": 0.6988505747126437,
      "eval/distinct_4": 0.8067384183434722
    }
  }
}