{
  "ckpt": "harness/checkpoints/exp4gsm_lam0.7_seed42",
  "task": "simple_equations",
  "n_prompts": 128,
  "n_samples": 64,
  "k_values": [
    1,
    2,
    4,
    8,
    16,
    32,
    64
  ],
  "metrics_by_temp": {
    "T=0.6": {
      "eval/pass@1": 0.0040283203125,
      "eval/pass@2": 0.00797913566468254,
      "eval/pass@4": 0.01565348952824784,
      "eval/pass@8": 0.030129067604588992,
      "eval/pass@16": 0.05586519832351239,
      "eval/pass@32": 0.09653204690346084,
      "eval/pass@64": 0.1484375,
      "eval/accuracy_mean": 0.0040283203125,
      "eval/solved_any": 0.1484375,
      "eval/n_prompts": 128.0,
      "eval/n_samples": 64.0,
      "eval/temperature": 0.6,
      "eval/gen_seconds": 3946.555913925171,
      "eval/token_entropy": 1.7198851702269167,
      "eval/distinct_1": 0.18222823635543528,
      "eval/distinct_2": 0.4597069597069597,
      "eval/distinct_3": 0.6201766620176662,
      "eval/distinct_4": 0.7280453257790368
    },
    "T=1.0": {
      "eval/pass@1": 0.0042724609375,
      "eval/pass@2": 0.008471292162698412,
      "eval/pass@4": 0.01665404126847725,
      "eval/pass@8": 0.03220033951025325,
      "eval/pass@16": 0.06031910632444412,
      "eval/pass@32": 0.10675456999739787,
      "eval/pass@64": 0.171875,
      "eval/accuracy_mean": 0.0042724609375,
      "eval/solved_any": 0.171875,
      "eval/n_prompts": 128.0,
      "eval/n_samples": 64.0,
      "eval/temperature": 1.0,
      "eval/gen_seconds": 2337.3644194602966,
      "eval/token_entropy": 1.6888585480628535,
      "eval/distinct_1": 0.24068901303538176,
      "eval/distinct_2": 0.5882631329862754,
      "eval/distinct_3": 0.7555341674687199,
      "eval/distinct_4": 0.8604992657856094
    }
  }
}