{
  "student": "allenai/OLMo-2-0425-1B-SFT",
  "teacher": "allenai/OLMo-2-1124-7B-SFT",
  "task": "gsm_symbolic",
  "n_prompts": 32,
  "n_samples": 4,
  "T": 0.6,
  "n_tokens_total": 10936,
  "completion_accuracy": 0.0078125,
  "kl_mean": -0.24827438635114246,
  "kl_p50": -0.0007157714571803808,
  "kl_p90": 0.10663755733548896,
  "kl_p99": 0.7452669143676758,
  "kl_mean_on_correct": -0.16347071204037764,
  "kl_mean_on_incorrect": -0.24899385684511058,
  "top_q": 0.1,
  "topq_correct_frac": 0.009149130832570906,
  "topq_format_frac": 0.09423604757548033,
  "overall_correct_frac": 0.008412582297000731,
  "overall_format_frac": 0.16431967812728604,
  "topq_format_lift": 0.5734921626518936,
  "topq_correct_lift": 1.087553204184733,
  "wall_seconds": 118.434814453125
}