{
  "student": "harness/checkpoints/opd-sft7b-s42",
  "teacher": "allenai/OLMo-2-1124-7B-SFT",
  "task": "gsm_symbolic",
  "n_prompts": 32,
  "n_samples": 4,
  "T": 0.6,
  "n_tokens_total": 29810,
  "completion_accuracy": 0.015625,
  "kl_mean": -0.07799254133333954,
  "kl_p50": 0.005426148932201613,
  "kl_p90": 0.09660261869430542,
  "kl_p99": 0.8036948442459106,
  "kl_mean_on_correct": -0.1647903091662168,
  "kl_mean_on_incorrect": -0.07753298413677387,
  "top_q": 0.1,
  "topq_correct_frac": 0.01107011070110701,
  "topq_format_frac": 0.11506205971150621,
  "overall_correct_frac": 0.005266689030526669,
  "overall_format_frac": 0.21663871184166386,
  "topq_format_lift": 0.5311241870548158,
  "topq_correct_lift": 2.1019108280254777,
  "wall_seconds": 297.14362812042236
}