{
  "base": "allenai/OLMo-2-0425-1B-SFT",
  "ckpt": "harness/checkpoints/clip1.0-lam0.10-s42-71271",
  "prune_pct_target": 0.85,
  "prune_stats": {
    "tau": 0.000823974609375,
    "n_moved": 244062401,
    "n_total": 1484916736,
    "n_zero": 1240854335,
    "prune_pct_target": 0.85,
    "actual_prune_frac_of_moved": 0.8508047866004563,
    "actual_prune_frac_of_total": 0.1398391263064059,
    "n_pruned": 207649459,
    "n_moved_check": 244062401
  },
  "task": "gsm_symbolic",
  "n_prompts": 64,
  "n_samples": 16,
  "k_values": [
    1,
    2,
    4,
    8,
    16
  ],
  "metrics_by_temp": {
    "T=0.6": {
      "eval/pass@1": 0.3818359375,
      "eval/pass@2": 0.476171875,
      "eval/pass@4": 0.5642084478021978,
      "eval/pass@8": 0.6481133449883449,
      "eval/pass@16": 0.71875,
      "eval/accuracy_mean": 0.3818359375,
      "eval/solved_any": 0.71875,
      "eval/n_prompts": 64.0,
      "eval/n_samples": 16.0,
      "eval/temperature": 0.6,
      "eval/gen_seconds": 224.0389199256897,
      "eval/token_entropy": 0.3994642732432112,
      "eval/distinct_1": 0.050093518744409204,
      "eval/distinct_2": 0.186918976986324,
      "eval/distinct_3": 0.2962791869645557,
      "eval/distinct_4": 0.37453567311387215
    }
  }
}