{
  "base": "allenai/OLMo-2-0425-1B-SFT",
  "ckpt": "harness/checkpoints/clip1.0-lam0.10-s42-71271",
  "prune_pct_target": 0.6,
  "prune_stats": {
    "tau": 0.0002288818359375,
    "n_moved": 244062401,
    "n_total": 1484916736,
    "n_zero": 1240854335,
    "prune_pct_target": 0.6,
    "actual_prune_frac_of_moved": 0.6045213002718923,
    "actual_prune_frac_of_total": 0.09935972598533632,
    "n_pruned": 147540920,
    "n_moved_check": 244062401
  },
  "task": "gsm_symbolic",
  "n_prompts": 64,
  "n_samples": 16,
  "k_values": [
    1,
    2,
    4,
    8,
    16
  ],
  "metrics_by_temp": {
    "T=0.6": {
      "eval/pass@1": 0.6845703125,
      "eval/pass@2": 0.739453125,
      "eval/pass@4": 0.7796445741758242,
      "eval/pass@8": 0.8103899572649572,
      "eval/pass@16": 0.828125,
      "eval/accuracy_mean": 0.6845703125,
      "eval/solved_any": 0.828125,
      "eval/n_prompts": 64.0,
      "eval/n_samples": 16.0,
      "eval/temperature": 0.6,
      "eval/gen_seconds": 335.934668302536,
      "eval/token_entropy": 1.0766075565479696,
      "eval/distinct_1": 0.029480859585611953,
      "eval/distinct_2": 0.0976752356971365,
      "eval/distinct_3": 0.1566989906985949,
      "eval/distinct_4": 0.20395753476890968
    }
  }
}