{
  "base": "allenai/OLMo-2-0425-1B-SFT",
  "ckpt": "harness/checkpoints/clip1.0-lam1.0-s42-71250",
  "prune_pct_target": 0.7,
  "prune_stats": {
    "tau": 0.00032806396484375,
    "n_moved": 212826884,
    "n_total": 1484916736,
    "n_zero": 1272089852,
    "prune_pct_target": 0.7,
    "actual_prune_frac_of_moved": 0.7011041518608148,
    "actual_prune_frac_of_total": 0.10048631575258911,
    "n_pruned": 149213812,
    "n_moved_check": 212826884
  },
  "task": "gsm_symbolic",
  "n_prompts": 64,
  "n_samples": 16,
  "k_values": [
    1,
    2,
    4,
    8,
    16
  ],
  "metrics_by_temp": {
    "T=0.6": {
      "eval/pass@1": 0.03515625,
      "eval/pass@2": 0.06015625,
      "eval/pass@4": 0.09223042582417583,
      "eval/pass@8": 0.12733707264957264,
      "eval/pass@16": 0.171875,
      "eval/accuracy_mean": 0.03515625,
      "eval/solved_any": 0.171875,
      "eval/n_prompts": 64.0,
      "eval/n_samples": 16.0,
      "eval/temperature": 0.6,
      "eval/gen_seconds": 256.02816462516785,
      "eval/token_entropy": 0.7122974728699774,
      "eval/distinct_1": 0.12448288830387363,
      "eval/distinct_2": 0.34616850934044985,
      "eval/distinct_3": 0.46617703904136065,
      "eval/distinct_4": 0.5401803214425716
    }
  }
}