{
  "base": "allenai/OLMo-2-0425-1B-SFT",
  "ckpt": "harness/checkpoints/grpo-distill-seed42-71209",
  "prune_pct_target": 0.95,
  "prune_stats": {
    "tau": 0.0005321502685546875,
    "n_moved": 201185764,
    "n_total": 1484916736,
    "n_zero": 1283730972,
    "prune_pct_target": 0.95,
    "actual_prune_frac_of_moved": 0.950155553749817,
    "actual_prune_frac_of_total": 0.12873298978024314,
    "n_pruned": 191157771,
    "n_moved_check": 201185764
  },
  "task": "gsm_symbolic",
  "n_prompts": 64,
  "n_samples": 16,
  "k_values": [
    1,
    2,
    4,
    8,
    16
  ],
  "metrics_by_temp": {
    "T=0.6": {
      "eval/pass@1": 0.265625,
      "eval/pass@2": 0.3704427083333333,
      "eval/pass@4": 0.47411572802197804,
      "eval/pass@8": 0.5691870629370629,
      "eval/pass@16": 0.625,
      "eval/accuracy_mean": 0.265625,
      "eval/solved_any": 0.625,
      "eval/n_prompts": 64.0,
      "eval/n_samples": 16.0,
      "eval/temperature": 0.6,
      "eval/gen_seconds": 196.46344566345215,
      "eval/token_entropy": 0.2942864242941141,
      "eval/distinct_1": 0.05199476782210595,
      "eval/distinct_2": 0.17487275946005754,
      "eval/distinct_3": 0.26656931026735564,
      "eval/distinct_4": 0.3325347935204198
    }
  }
}