{
  "base": "allenai/OLMo-2-0425-1B-SFT",
  "ckpt": "harness/checkpoints/grpo-distill-seed42-71209",
  "prune_pct_target": 0.7,
  "prune_stats": {
    "tau": 0.000171661376953125,
    "n_moved": 201185764,
    "n_total": 1484916736,
    "n_zero": 1283730972,
    "prune_pct_target": 0.7,
    "actual_prune_frac_of_moved": 0.7013399715498757,
    "actual_prune_frac_of_total": 0.09502190565922748,
    "n_pruned": 141099618,
    "n_moved_check": 201185764
  },
  "task": "gsm_symbolic",
  "n_prompts": 64,
  "n_samples": 16,
  "k_values": [
    1,
    2,
    4,
    8,
    16
  ],
  "metrics_by_temp": {
    "T=0.6": {
      "eval/pass@1": 0.51953125,
      "eval/pass@2": 0.576171875,
      "eval/pass@4": 0.6263650412087912,
      "eval/pass@8": 0.6704314782439782,
      "eval/pass@16": 0.703125,
      "eval/accuracy_mean": 0.51953125,
      "eval/solved_any": 0.703125,
      "eval/n_prompts": 64.0,
      "eval/n_samples": 16.0,
      "eval/temperature": 0.6,
      "eval/gen_seconds": 170.93206548690796,
      "eval/token_entropy": 0.1190926442068303,
      "eval/distinct_1": 0.02784216179546611,
      "eval/distinct_2": 0.07906215921483097,
      "eval/distinct_3": 0.10919741213498864,
      "eval/distinct_4": 0.1287371973240187
    }
  }
}