{
  "base": "allenai/OLMo-2-0425-1B-SFT",
  "ckpt": "harness/checkpoints/grpo-distill-seed42-71209",
  "prune_pct_target": 0.6,
  "prune_stats": {
    "tau": 0.00011444091796875,
    "n_moved": 201185764,
    "n_total": 1484916736,
    "n_zero": 1283730972,
    "prune_pct_target": 0.6,
    "actual_prune_frac_of_moved": 0.6010695567903105,
    "actual_prune_frac_of_total": 0.08143664561674116,
    "n_pruned": 120926638,
    "n_moved_check": 201185764
  },
  "task": "gsm_symbolic",
  "n_prompts": 64,
  "n_samples": 16,
  "k_values": [
    1,
    2,
    4,
    8,
    16
  ],
  "metrics_by_temp": {
    "T=0.6": {
      "eval/pass@1": 0.5283203125,
      "eval/pass@2": 0.5740885416666667,
      "eval/pass@4": 0.603588598901099,
      "eval/pass@8": 0.6275823135198135,
      "eval/pass@16": 0.65625,
      "eval/accuracy_mean": 0.5283203125,
      "eval/solved_any": 0.65625,
      "eval/n_prompts": 64.0,
      "eval/n_samples": 16.0,
      "eval/temperature": 0.6,
      "eval/gen_seconds": 164.36517786979675,
      "eval/token_entropy": 0.11114204289333429,
      "eval/distinct_1": 0.024704023068178666,
      "eval/distinct_2": 0.07014580870348477,
      "eval/distinct_3": 0.09661283407174504,
      "eval/distinct_4": 0.1143014748577401
    }
  }
}