{
  "base": "allenai/OLMo-2-0425-1B-SFT",
  "ckpt": "harness/checkpoints/rl-baseline-s42",
  "prune_pct_target": 0.8,
  "prune_stats": {
    "tau": 0.000522613525390625,
    "n_moved": 246212330,
    "n_total": 1484916736,
    "n_zero": 1238704406,
    "prune_pct_target": 0.8,
    "actual_prune_frac_of_moved": 0.8001458984608935,
    "actual_prune_frac_of_total": 0.13267126783868372,
    "n_pruned": 197005786,
    "n_moved_check": 246212330
  },
  "task": "gsm_symbolic",
  "n_prompts": 64,
  "n_samples": 16,
  "k_values": [
    1,
    2,
    4,
    8,
    16
  ],
  "metrics_by_temp": {
    "T=0.6": {
      "eval/pass@1": 0.4833984375,
      "eval/pass@2": 0.5559895833333334,
      "eval/pass@4": 0.6216260302197802,
      "eval/pass@8": 0.6841443278943279,
      "eval/pass@16": 0.75,
      "eval/accuracy_mean": 0.4833984375,
      "eval/solved_any": 0.75,
      "eval/n_prompts": 64.0,
      "eval/n_samples": 16.0,
      "eval/temperature": 0.6,
      "eval/gen_seconds": 230.87792348861694,
      "eval/token_entropy": 0.22971073936787434,
      "eval/distinct_1": 0.02845726763769833,
      "eval/distinct_2": 0.09484865576236134,
      "eval/distinct_3": 0.14389994531231423,
      "eval/distinct_4": 0.17994802944997834
    }
  }
}