{
  "base": "allenai/OLMo-2-0425-1B-SFT",
  "ckpt": "harness/checkpoints/rl-baseline-s42",
  "prune_pct_target": 0.6,
  "prune_stats": {
    "tau": 0.0002079010009765625,
    "n_moved": 246212330,
    "n_total": 1484916736,
    "n_zero": 1238704406,
    "prune_pct_target": 0.6,
    "actual_prune_frac_of_moved": 0.6002060335483604,
    "actual_prune_frac_of_total": 0.09951946962230211,
    "n_pruned": 147778126,
    "n_moved_check": 246212330
  },
  "task": "gsm_symbolic",
  "n_prompts": 64,
  "n_samples": 16,
  "k_values": [
    1,
    2,
    4,
    8,
    16
  ],
  "metrics_by_temp": {
    "T=0.6": {
      "eval/pass@1": 0.5576171875,
      "eval/pass@2": 0.5903645833333333,
      "eval/pass@4": 0.6089629120879121,
      "eval/pass@8": 0.6233828671328672,
      "eval/pass@16": 0.640625,
      "eval/accuracy_mean": 0.5576171875,
      "eval/solved_any": 0.640625,
      "eval/n_prompts": 64.0,
      "eval/n_samples": 16.0,
      "eval/temperature": 0.6,
      "eval/gen_seconds": 215.95715761184692,
      "eval/token_entropy": 0.1920975684915902,
      "eval/distinct_1": 0.01508488834505965,
      "eval/distinct_2": 0.043318578083621676,
      "eval/distinct_3": 0.059458191626597864,
      "eval/distinct_4": 0.07044731276313969
    }
  }
}