{
  "base": "allenai/OLMo-2-0425-1B-SFT",
  "ckpt": "harness/checkpoints/rl-baseline-s42",
  "prune_pct_target": 0.95,
  "prune_stats": {
    "tau": 0.0028228759765625,
    "n_moved": 246212330,
    "n_total": 1484916736,
    "n_zero": 1238704406,
    "prune_pct_target": 0.95,
    "actual_prune_frac_of_moved": 0.9501085059387562,
    "actual_prune_frac_of_total": 0.15753639468711597,
    "n_pruned": 233928429,
    "n_moved_check": 246212330
  },
  "task": "gsm_symbolic",
  "n_prompts": 64,
  "n_samples": 16,
  "k_values": [
    1,
    2,
    4,
    8,
    16
  ],
  "metrics_by_temp": {
    "T=0.6": {
      "eval/pass@1": 0.0029296875,
      "eval/pass@2": 0.005859375,
      "eval/pass@4": 0.01171875,
      "eval/pass@8": 0.0234375,
      "eval/pass@16": 0.046875,
      "eval/accuracy_mean": 0.0029296875,
      "eval/solved_any": 0.046875,
      "eval/n_prompts": 64.0,
      "eval/n_samples": 16.0,
      "eval/temperature": 0.6,
      "eval/gen_seconds": 308.8803050518036,
      "eval/token_entropy": 0.5782820977037773,
      "eval/distinct_1": 0.49295774647887325,
      "eval/distinct_2": 0.8718861209964412,
      "eval/distinct_3": 0.960431654676259,
      "eval/distinct_4": 0.9854545454545455
    }
  }
}