{
  "base": "allenai/OLMo-2-0425-1B-SFT",
  "ckpt": "harness/checkpoints/rl-baseline-s42",
  "prune_pct_target": 0.7,
  "prune_stats": {
    "tau": 0.0003204345703125,
    "n_moved": 246212330,
    "n_total": 1484916736,
    "n_zero": 1238704406,
    "prune_pct_target": 0.7,
    "actual_prune_frac_of_moved": 0.7001629853387115,
    "actual_prune_frac_of_total": 0.11609321642126068,
    "n_pruned": 172388760,
    "n_moved_check": 246212330
  },
  "task": "gsm_symbolic",
  "n_prompts": 64,
  "n_samples": 16,
  "k_values": [
    1,
    2,
    4,
    8,
    16
  ],
  "metrics_by_temp": {
    "T=0.6": {
      "eval/pass@1": 0.5634765625,
      "eval/pass@2": 0.5977864583333333,
      "eval/pass@4": 0.6300824175824176,
      "eval/pass@8": 0.6665998931623932,
      "eval/pass@16": 0.71875,
      "eval/accuracy_mean": 0.5634765625,
      "eval/solved_any": 0.71875,
      "eval/n_prompts": 64.0,
      "eval/n_samples": 16.0,
      "eval/temperature": 0.6,
      "eval/gen_seconds": 211.00953316688538,
      "eval/token_entropy": 0.16219932248350233,
      "eval/distinct_1": 0.016967922368001202,
      "eval/distinct_2": 0.05079696394686907,
      "eval/distinct_3": 0.07140801565527694,
      "eval/distinct_4": 0.08603965390136965
    }
  }
}