{
  "ckpt": "/project/inniang/research/harness/checkpoints/hint-opd-best-s43",
  "task": "gsm_symbolic",
  "n_prompts": 64,
  "n_samples": 16,
  "k_values": [
    1,
    2,
    4,
    8,
    16
  ],
  "metrics_by_temp": {
    "T=0.6": {
      "eval/pass@1": 0.1259765625,
      "eval/pass@2": 0.14921875,
      "eval/pass@4": 0.16539320054945056,
      "eval/pass@8": 0.1859375,
      "eval/pass@16": 0.21875,
      "eval/accuracy_mean": 0.1259765625,
      "eval/solved_any": 0.21875,
      "eval/n_prompts": 64.0,
      "eval/n_samples": 16.0,
      "eval/temperature": 0.6,
      "eval/gen_seconds": 420.0034713745117,
      "eval/token_entropy": 0.7907286153640598,
      "eval/distinct_1": 0.059170803703206765,
      "eval/distinct_2": 0.18651010376843255,
      "eval/distinct_3": 0.2789437109103544,
      "eval/distinct_4": 0.3547976224172092
    }
  }
}