{
  "ckpt": "/project/inniang/research/harness/checkpoints/hint-opd-best-s42",
  "task": "gsm_symbolic",
  "n_prompts": 64,
  "n_samples": 16,
  "k_values": [
    1,
    2,
    4,
    8,
    16
  ],
  "metrics_by_temp": {
    "T=0.6": {
      "eval/pass@1": 0.2451171875,
      "eval/pass@2": 0.294921875,
      "eval/pass@4": 0.33832417582417584,
      "eval/pass@8": 0.3819857226107226,
      "eval/pass@16": 0.421875,
      "eval/accuracy_mean": 0.2451171875,
      "eval/solved_any": 0.421875,
      "eval/n_prompts": 64.0,
      "eval/n_samples": 16.0,
      "eval/temperature": 0.6,
      "eval/gen_seconds": 433.39703941345215,
      "eval/token_entropy": 0.7364154907409102,
      "eval/distinct_1": 0.054327311943920195,
      "eval/distinct_2": 0.19904010970174837,
      "eval/distinct_3": 0.3124040742291056,
      "eval/distinct_4": 0.3968614641766669
    }
  }
}