{
  "base": "allenai/OLMo-2-0425-1B-SFT",
  "ckpt": "harness/checkpoints/clip1.0-lam0.10-s42-71271",
  "prune_pct_target": 0.5,
  "prune_stats": {
    "tau": 0.000141143798828125,
    "n_moved": 244062401,
    "n_total": 1484916736,
    "n_zero": 1240854335,
    "prune_pct_target": 0.5,
    "actual_prune_frac_of_moved": 0.5006334343158412,
    "actual_prune_frac_of_total": 0.08228461235418388,
    "n_pruned": 122185798,
    "n_moved_check": 244062401
  },
  "task": "gsm_symbolic",
  "n_prompts": 64,
  "n_samples": 16,
  "k_values": [
    1,
    2,
    4,
    8,
    16
  ],
  "metrics_by_temp": {
    "T=0.6": {
      "eval/pass@1": 0.6962890625,
      "eval/pass@2": 0.7524739583333333,
      "eval/pass@4": 0.7904103708791209,
      "eval/pass@8": 0.820540743978244,
      "eval/pass@16": 0.84375,
      "eval/accuracy_mean": 0.6962890625,
      "eval/solved_any": 0.84375,
      "eval/n_prompts": 64.0,
      "eval/n_samples": 16.0,
      "eval/temperature": 0.6,
      "eval/gen_seconds": 377.6040823459625,
      "eval/token_entropy": 1.3161634444841184,
      "eval/distinct_1": 0.02864311101818942,
      "eval/distinct_2": 0.09520231213872832,
      "eval/distinct_3": 0.15199171664680486,
      "eval/distinct_4": 0.19707175971787455
    }
  }
}