{
  "base": "allenai/OLMo-2-0425-1B-SFT",
  "ckpt": "harness/checkpoints/clip1.0-lam0.10-s42-71271",
  "prune_pct_target": 0.3,
  "prune_stats": {
    "tau": 6.103515625e-05,
    "n_moved": 244062401,
    "n_total": 1484916736,
    "n_zero": 1240854335,
    "prune_pct_target": 0.3,
    "actual_prune_frac_of_moved": 0.3425396892657792,
    "actual_prune_frac_of_total": 0.05630016617982276,
    "n_pruned": 83601059,
    "n_moved_check": 244062401
  },
  "task": "gsm_symbolic",
  "n_prompts": 64,
  "n_samples": 16,
  "k_values": [
    1,
    2,
    4,
    8,
    16
  ],
  "metrics_by_temp": {
    "T=0.6": {
      "eval/pass@1": 0.693359375,
      "eval/pass@2": 0.7509114583333333,
      "eval/pass@4": 0.789792239010989,
      "eval/pass@8": 0.8258255633255633,
      "eval/pass@16": 0.859375,
      "eval/accuracy_mean": 0.693359375,
      "eval/solved_any": 0.859375,
      "eval/n_prompts": 64.0,
      "eval/n_samples": 16.0,
      "eval/temperature": 0.6,
      "eval/gen_seconds": 318.3795783519745,
      "eval/token_entropy": 1.0832125372835435,
      "eval/distinct_1": 0.02863317125877904,
      "eval/distinct_2": 0.09255056927109824,
      "eval/distinct_3": 0.14614743691477544,
      "eval/distinct_4": 0.1887802326049338
    }
  }
}