{
  "base": "allenai/OLMo-2-0425-1B-SFT",
  "ckpt": "harness/checkpoints/clip1.0-lam1.0-s42-71250",
  "prune_pct_target": 0.5,
  "prune_stats": {
    "tau": 0.000152587890625,
    "n_moved": 212826884,
    "n_total": 1484916736,
    "n_zero": 1272089852,
    "prune_pct_target": 0.5,
    "actual_prune_frac_of_moved": 0.5037596753989031,
    "actual_prune_frac_of_total": 0.07220176013963385,
    "n_pruned": 107213602,
    "n_moved_check": 212826884
  },
  "task": "gsm_symbolic",
  "n_prompts": 64,
  "n_samples": 16,
  "k_values": [
    1,
    2,
    4,
    8,
    16
  ],
  "metrics_by_temp": {
    "T=0.6": {
      "eval/pass@1": 0.029296875,
      "eval/pass@2": 0.05026041666666667,
      "eval/pass@4": 0.07694024725274726,
      "eval/pass@8": 0.10505171911421911,
      "eval/pass@16": 0.140625,
      "eval/accuracy_mean": 0.029296875,
      "eval/solved_any": 0.140625,
      "eval/n_prompts": 64.0,
      "eval/n_samples": 16.0,
      "eval/temperature": 0.6,
      "eval/gen_seconds": 289.2579298019409,
      "eval/token_entropy": 0.7414419448468834,
      "eval/distinct_1": 0.15158806544754572,
      "eval/distinct_2": 0.357421875,
      "eval/distinct_3": 0.4653121902874133,
      "eval/distinct_4": 0.5331991951710262
    }
  }
}