{
  "base": "allenai/OLMo-2-0425-1B-SFT",
  "ckpt": "harness/checkpoints/clip1.0-lam1.0-s42-71250",
  "prune_pct_target": 0.0,
  "prune_stats": {
    "tau": -1.0,
    "n_moved": 212826884,
    "n_total": 1484916736,
    "n_zero": 1272089852,
    "prune_pct_target": 0.0,
    "actual_prune_frac_of_moved": 0.0,
    "actual_prune_frac_of_total": 0.0,
    "n_pruned": 0
  },
  "task": "gsm_symbolic",
  "n_prompts": 64,
  "n_samples": 16,
  "k_values": [
    1,
    2,
    4,
    8,
    16
  ],
  "metrics_by_temp": {
    "T=0.6": {
      "eval/pass@1": 0.046875,
      "eval/pass@2": 0.0796875,
      "eval/pass@4": 0.12057864010989011,
      "eval/pass@8": 0.16178491647241647,
      "eval/pass@16": 0.203125,
      "eval/accuracy_mean": 0.046875,
      "eval/solved_any": 0.203125,
      "eval/n_prompts": 64.0,
      "eval/n_samples": 16.0,
      "eval/temperature": 0.6,
      "eval/gen_seconds": 253.96229362487793,
      "eval/token_entropy": 0.763203595764935,
      "eval/distinct_1": 0.12004175365344467,
      "eval/distinct_2": 0.3456659619450317,
      "eval/distinct_3": 0.4863490364025696,
      "eval/distinct_4": 0.571583514099783
    }
  }
}