{
  "base": "allenai/OLMo-2-0425-1B-SFT",
  "ckpt": "harness/checkpoints/clip1.0-lam1.0-s42-71250",
  "prune_pct_target": 0.1,
  "prune_stats": {
    "tau": 3.0517578125e-05,
    "n_moved": 212826884,
    "n_total": 1484916736,
    "n_zero": 1272089852,
    "prune_pct_target": 0.1,
    "actual_prune_frac_of_moved": 0.15420037348289137,
    "actual_prune_frac_of_total": 0.022100892396434004,
    "n_pruned": 32817985,
    "n_moved_check": 212826884
  },
  "task": "gsm_symbolic",
  "n_prompts": 64,
  "n_samples": 16,
  "k_values": [
    1,
    2,
    4,
    8,
    16
  ],
  "metrics_by_temp": {
    "T=0.6": {
      "eval/pass@1": 0.0390625,
      "eval/pass@2": 0.06796875,
      "eval/pass@4": 0.10603537087912088,
      "eval/pass@8": 0.14399402680652681,
      "eval/pass@16": 0.171875,
      "eval/accuracy_mean": 0.0390625,
      "eval/solved_any": 0.171875,
      "eval/n_prompts": 64.0,
      "eval/n_samples": 16.0,
      "eval/temperature": 0.6,
      "eval/gen_seconds": 289.74350810050964,
      "eval/token_entropy": 0.746109583415091,
      "eval/distinct_1": 0.11549006168608636,
      "eval/distinct_2": 0.31897150799166085,
      "eval/distinct_3": 0.4355179704016913,
      "eval/distinct_4": 0.5132237312365976
    }
  }
}