{
  "base": "allenai/OLMo-2-0425-1B-SFT",
  "ckpt": "harness/checkpoints/clip1.0-lam0.10-s42-71271",
  "prune_pct_target": 0.0,
  "prune_stats": {
    "tau": -1.0,
    "n_moved": 244062401,
    "n_total": 1484916736,
    "n_zero": 1240854335,
    "prune_pct_target": 0.0,
    "actual_prune_frac_of_moved": 0.0,
    "actual_prune_frac_of_total": 0.0,
    "n_pruned": 0
  },
  "task": "gsm_symbolic",
  "n_prompts": 64,
  "n_samples": 16,
  "k_values": [
    1,
    2,
    4,
    8,
    16
  ],
  "metrics_by_temp": {
    "T=0.6": {
      "eval/pass@1": 0.69140625,
      "eval/pass@2": 0.740625,
      "eval/pass@4": 0.7761246565934066,
      "eval/pass@8": 0.8018065268065268,
      "eval/pass@16": 0.8125,
      "eval/accuracy_mean": 0.69140625,
      "eval/solved_any": 0.8125,
      "eval/n_prompts": 64.0,
      "eval/n_samples": 16.0,
      "eval/temperature": 0.6,
      "eval/gen_seconds": 323.37264752388,
      "eval/token_entropy": 1.1483735767542385,
      "eval/distinct_1": 0.02828041205293414,
      "eval/distinct_2": 0.09129669469978487,
      "eval/distinct_3": 0.14342945539645394,
      "eval/distinct_4": 0.18465623365651526
    }
  }
}