{
  "base": "allenai/OLMo-2-0425-1B-SFT",
  "ckpt": "harness/checkpoints/grpo-distill-seed42-71209",
  "prune_pct_target": 0.9,
  "prune_stats": {
    "tau": 0.000396728515625,
    "n_moved": 201185764,
    "n_total": 1484916736,
    "n_zero": 1283730972,
    "prune_pct_target": 0.9,
    "actual_prune_frac_of_moved": 0.9005950739138779,
    "actual_prune_frac_of_total": 0.12201822742470592,
    "n_pruned": 181186908,
    "n_moved_check": 201185764
  },
  "task": "gsm_symbolic",
  "n_prompts": 64,
  "n_samples": 16,
  "k_values": [
    1,
    2,
    4,
    8,
    16
  ],
  "metrics_by_temp": {
    "T=0.6": {
      "eval/pass@1": 0.439453125,
      "eval/pass@2": 0.53359375,
      "eval/pass@4": 0.6078296703296704,
      "eval/pass@8": 0.6706439393939394,
      "eval/pass@16": 0.734375,
      "eval/accuracy_mean": 0.439453125,
      "eval/solved_any": 0.734375,
      "eval/n_prompts": 64.0,
      "eval/n_samples": 16.0,
      "eval/temperature": 0.6,
      "eval/gen_seconds": 181.8428807258606,
      "eval/token_entropy": 0.1971625305013731,
      "eval/distinct_1": 0.03560673748304047,
      "eval/distinct_2": 0.11223084416675065,
      "eval/distinct_3": 0.16456905078617962,
      "eval/distinct_4": 0.20281270567044235
    }
  }
}