{
  "base": "allenai/OLMo-2-0425-1B-SFT",
  "ckpt": "harness/checkpoints/grpo-distill-seed42-71209",
  "prune_pct_target": 0.5,
  "prune_stats": {
    "tau": 7.62939453125e-05,
    "n_moved": 201185764,
    "n_total": 1484916736,
    "n_zero": 1283730972,
    "prune_pct_target": 0.5,
    "actual_prune_frac_of_moved": 0.5113386949187916,
    "actual_prune_frac_of_total": 0.0692793498153421,
    "n_pruned": 102874066,
    "n_moved_check": 201185764
  },
  "task": "gsm_symbolic",
  "n_prompts": 64,
  "n_samples": 16,
  "k_values": [
    1,
    2,
    4,
    8,
    16
  ],
  "metrics_by_temp": {
    "T=0.6": {
      "eval/pass@1": 0.5517578125,
      "eval/pass@2": 0.6,
      "eval/pass@4": 0.6347012362637363,
      "eval/pass@8": 0.6691615675990676,
      "eval/pass@16": 0.703125,
      "eval/accuracy_mean": 0.5517578125,
      "eval/solved_any": 0.703125,
      "eval/n_prompts": 64.0,
      "eval/n_samples": 16.0,
      "eval/temperature": 0.6,
      "eval/gen_seconds": 159.68115329742432,
      "eval/token_entropy": 0.10722515573434066,
      "eval/distinct_1": 0.02553680776532877,
      "eval/distinct_2": 0.07124239791485665,
      "eval/distinct_3": 0.09791270300824441,
      "eval/distinct_4": 0.11486751442496218
    }
  }
}