{
  "base": "allenai/OLMo-2-0425-1B-SFT",
  "ckpt": "harness/checkpoints/grpo-distill-seed42-71209",
  "prune_pct_target": 0.1,
  "prune_stats": {
    "tau": 1.52587890625e-05,
    "n_moved": 201185764,
    "n_total": 1484916736,
    "n_zero": 1283730972,
    "prune_pct_target": 0.1,
    "actual_prune_frac_of_moved": 0.17026799669582984,
    "actual_prune_frac_of_total": 0.023068968225299875,
    "n_pruned": 34255497,
    "n_moved_check": 201185764
  },
  "task": "gsm_symbolic",
  "n_prompts": 64,
  "n_samples": 16,
  "k_values": [
    1,
    2,
    4,
    8,
    16
  ],
  "metrics_by_temp": {
    "T=0.6": {
      "eval/pass@1": 0.5458984375,
      "eval/pass@2": 0.5872395833333334,
      "eval/pass@4": 0.6268114697802197,
      "eval/pass@8": 0.6644267191142191,
      "eval/pass@16": 0.703125,
      "eval/accuracy_mean": 0.5458984375,
      "eval/solved_any": 0.703125,
      "eval/n_prompts": 64.0,
      "eval/n_samples": 16.0,
      "eval/temperature": 0.6,
      "eval/gen_seconds": 151.5814609527588,
      "eval/token_entropy": 0.10531917300249916,
      "eval/distinct_1": 0.026122405192297377,
      "eval/distinct_2": 0.07291638304244834,
      "eval/distinct_3": 0.09873368723733687,
      "eval/distinct_4": 0.11516751383077312
    }
  }
}