{
  "base": "allenai/OLMo-2-0425-1B-SFT",
  "ckpt": "harness/checkpoints/rl-baseline-s42",
  "prune_pct_target": 0.0,
  "prune_stats": {
    "tau": -1.0,
    "n_moved": 246212330,
    "n_total": 1484916736,
    "n_zero": 1238704406,
    "prune_pct_target": 0.0,
    "actual_prune_frac_of_moved": 0.0,
    "actual_prune_frac_of_total": 0.0,
    "n_pruned": 0
  },
  "task": "gsm_symbolic",
  "n_prompts": 64,
  "n_samples": 16,
  "k_values": [
    1,
    2,
    4,
    8,
    16
  ],
  "metrics_by_temp": {
    "T=0.6": {
      "eval/pass@1": 0.5517578125,
      "eval/pass@2": 0.57890625,
      "eval/pass@4": 0.6020346840659341,
      "eval/pass@8": 0.6338541666666666,
      "eval/pass@16": 0.671875,
      "eval/accuracy_mean": 0.5517578125,
      "eval/solved_any": 0.671875,
      "eval/n_prompts": 64.0,
      "eval/n_samples": 16.0,
      "eval/temperature": 0.6,
      "eval/gen_seconds": 236.69135403633118,
      "eval/token_entropy": 0.3079528432135703,
      "eval/distinct_1": 0.015460526315789473,
      "eval/distinct_2": 0.043431478039714366,
      "eval/distinct_3": 0.0591295746785361,
      "eval/distinct_4": 0.06932079623887166
    }
  }
}