{
  "base": "allenai/OLMo-2-0425-1B-SFT",
  "ckpt": "harness/checkpoints/rl-baseline-s42",
  "prune_pct_target": 0.1,
  "prune_stats": {
    "tau": 1.52587890625e-05,
    "n_moved": 246212330,
    "n_total": 1484916736,
    "n_zero": 1238704406,
    "prune_pct_target": 0.1,
    "actual_prune_frac_of_moved": 0.11881247783163418,
    "actual_prune_frac_of_total": 0.01970015980747893,
    "n_pruned": 29253097,
    "n_moved_check": 246212330
  },
  "task": "gsm_symbolic",
  "n_prompts": 64,
  "n_samples": 16,
  "k_values": [
    1,
    2,
    4,
    8,
    16
  ],
  "metrics_by_temp": {
    "T=0.6": {
      "eval/pass@1": 0.5439453125,
      "eval/pass@2": 0.5790364583333333,
      "eval/pass@4": 0.5993475274725275,
      "eval/pass@8": 0.6177083333333333,
      "eval/pass@16": 0.640625,
      "eval/accuracy_mean": 0.5439453125,
      "eval/solved_any": 0.640625,
      "eval/n_prompts": 64.0,
      "eval/n_samples": 16.0,
      "eval/temperature": 0.6,
      "eval/gen_seconds": 246.05162978172302,
      "eval/token_entropy": 0.3679062396331574,
      "eval/distinct_1": 0.01519971721456345,
      "eval/distinct_2": 0.04272808497964856,
      "eval/distinct_3": 0.058062961773209125,
      "eval/distinct_4": 0.06807983594241741
    }
  }
}