{
  "base": "allenai/OLMo-2-0425-1B-SFT",
  "ckpt": "harness/checkpoints/rl-baseline-s42",
  "prune_pct_target": 0.9,
  "prune_stats": {
    "tau": 0.001220703125,
    "n_moved": 246212330,
    "n_total": 1484916736,
    "n_zero": 1238704406,
    "prune_pct_target": 0.9,
    "actual_prune_frac_of_moved": 0.900603942134011,
    "actual_prune_frac_of_total": 0.149328100104328,
    "n_pruned": 221739795,
    "n_moved_check": 246212330
  },
  "task": "gsm_symbolic",
  "n_prompts": 64,
  "n_samples": 16,
  "k_values": [
    1,
    2,
    4,
    8,
    16
  ],
  "metrics_by_temp": {
    "T=0.6": {
      "eval/pass@1": 0.0029296875,
      "eval/pass@2": 0.005859375,
      "eval/pass@4": 0.01171875,
      "eval/pass@8": 0.0234375,
      "eval/pass@16": 0.046875,
      "eval/accuracy_mean": 0.0029296875,
      "eval/solved_any": 0.046875,
      "eval/n_prompts": 64.0,
      "eval/n_samples": 16.0,
      "eval/temperature": 0.6,
      "eval/gen_seconds": 275.2992687225342,
      "eval/token_entropy": 0.6195575075689703,
      "eval/distinct_1": 0.3878787878787879,
      "eval/distinct_2": 0.6636085626911316,
      "eval/distinct_3": 0.7839506172839507,
      "eval/distinct_4": 0.8598130841121495
    }
  }
}